
INSERT INTO Employee(firstName, lastName, birthdate, hiredDate) VALUES 
('Lorde', 		'Willing', 			'2000-12-25', '2019-07-30'),
('Rip', 		'Harambe', 			'1999-05-27', '2018-05-28'), -- noone dare change this date
('Stefan', 		'Karl', 			'1975-11-19', '2019-05-25'),
('Finel', 		'Bosse', 			'1999-06-13', '2018-11-13'),
('Ash', 		'Ketchum', 			'1993-11-15', '2019-04-26'),
('Aiden',		'Wolff',			'1975-03-12', '2018-10-28'),
('Arnold',		'Bartoletti',		'1975-11-12', '2019-04-29'),
('Bo',			'Hill',				'1974-03-25', '2018-05-07'),
('Claud',		'Jones',			'1965-04-19', '2018-12-14'),
('Daphne',		'Schaefer',			'1979-06-08', '2019-03-05'),
('Daphne',		'Pfannerstill',		'1985-11-22', '2018-02-10'),
('Dax',			'Nader',			'1963-07-10', '2017-08-13'),
('Deven',		'Lebsack',			'1972-02-24', '2018-04-15'),
('Erling',		'Pfannerstill',		'1951-02-04', '2018-04-07'),
('Ethel',		'Veum',				'1983-06-04', '2017-12-26'),
('Guadalupe',	'Lowe',				'1979-03-29', '2019-02-13'),
('Kaley',		'Price',			'1978-01-18', '2018-02-13'),
('Kaley',		'Price',			'1958-01-18', '2018-12-22'),
('Kristin',		'Hand',				'1982-02-03', '2017-08-17'),
('Kylee',		'Wehner',			'1994-05-08', '2019-03-01'),
('Mabelle',		'Quitzon',			'1999-11-23', '2017-08-14'),
('Mandy',		'Rogahn',			'1989-06-16', '2018-05-28'),
('Meghan',		'Hilpert',			'1976-03-13', '2019-03-08'),
('Mireya',		'Mosciski',			'1988-10-27', '2018-03-05'),
('John',		'Mosciski',			'1987-06-19', '2018-06-18'),
('Quincy',		'Smith',			'1985-11-22', '2019-01-10'),
('Roger',		'Smith',			'1973-03-16', '2017-08-11'),
('John',		'Smith',			'1999-08-18', '2018-02-04'),
('Russ',		'Lind',				'1981-01-14', '2019-04-12'),
('Vincent',		'Borer',			'1973-05-06', '2017-08-04'),
('Adelbert',	'Prohaska',			'2005-10-09', '2018-04-22'), -- data not verified for 'plausibility' starting here
('Alvis',		'Satterfield',		'1995-10-11', '2018-10-29'),
('Anastacio',	'Cummings',			'1996-04-19', '2017-10-29'),
('Ashlee',		'Cremin',			'1991-03-22', '2017-11-06'),
('Bridgette',	'Blick',			'1997-04-25', '2017-10-19'),
('Carol',		'Flatley',			'1996-04-23', '2017-10-10'),
('Celine',		'Glover',			'1998-12-24', '2017-09-07'),
('Emmitt',		'Muller',			'1985-07-23', '2018-09-14'),
('Erick',		'Cartwright',		'1989-10-11', '2017-10-20'),
('Fern',		'Denesik',			'1984-12-06', '2018-06-22'),
('Gabriella',	'Homenick',			'1983-09-17', '2018-05-10'),
('Kasey',		'O\'Kon',			'1993-11-02', '2018-02-27'),
('Libbie',		'Kilback',			'1974-06-13', '2017-09-05'),
('Lora',		'Ratke',			'1950-11-12', '2018-01-19'),
('Madison',		'Effertz',			'1989-03-26', '2019-01-15'),
('Maeve',		'Ferry',			'1975-05-17', '2018-05-05'),
('Malika',		'Mayer',			'1980-03-16', '2017-08-14'),
('Osbaldo',		'Lubowitz',			'1988-08-31', '2019-02-08'),
('Sonya',		'Lockman',			'1994-01-15', '2018-10-26'),
('Thea',		'Hoppe',			'1977-01-27', '2017-12-28');


INSERT INTO FullTimeEmployee(empID, weeklySalary) VALUES
(1,'876.60'),
(2,'359.75'),
(3,'889.00'),
(4,'1106.68'),
(5,'374.79'),
(6,'921.71'),
(7,'386.26'),
(8,'429.47'),
(9,'748.62'),
(10,'315.37'),
(11,'4747'),
(12,'445.74'),
(13,'449.86'),
(14,'521.65'),
(15,'459.22'),
(16,'379.08'),
(17,'434.50'),
(18,'522'),
(19,'318.29'),
(20,'489.35'),
(21,'536.5'),
(22,'424.95'),
(23,'726.66'),
(24,'518.14'),
(25,'621.79'),
(26,'518.3'),
(27,'422.84'); 

INSERT INTO PartTimeEmployee(empID, hourlyRate) VALUES 
(28,'20.15'),
(29,'16.21'),
(30,'15.87'),
(31,'21.36'),
(32,'20.15'),
(33,'14.22'),
(34,'17'),
(35,'17.42'),
(36,'9.41'),
(37,'22.76'),
(38,'8.5'),
(39,'19.42'),
(40,'12.9'),
(41,'16.28'),
(42,'22.23'),
(43,'10.21'),
(44,'8.8'),
(45,'12.08'),
(46,'14.1'),
(47,'20.8'),
(48,'15.54'),
(49,'14.61'),
(50,'9.94'); 

INSERT INTO Manager(empID, supervisorCredentials) VALUES 
(1,	'Ph.D. at School of Managerial Duties'),
(2,	'5-week Supervising Online Course');

INSERT INTO Chef(empID, favoriteFoodToCook) VALUES
(3,		'Dumplings'),
(4,		'Har gow'),
(5,		'Oxtail soup'),
(6,		'Fried chicken wings'),
(7,		'Hot sour soup'),
(8,		'Corn crab soup'),
(9,		'Oxtail soup'),
(10,	'Sweet potato soup'),
(11,	'Crispy chow mein'),
(12,	'Steamed chow mein'),
(13,	'Egg foo young'),
(14,	'Chop suey'),
(15,	'Kung pao chicken'),
(16,	'Spring roll'),
(17,	'Fried rice'),
(18,	'Seasame chicken'),
(19,	'Egg roll'),
(20,	'Wonton soup'),
(21,	'Orange chicken'),
(22,	'Pot sticker'),
(23,	'Crab rangoon'),
(24,	'Fortune cookies'),
(25,	'Jellyfish'),
(26,	'Tofu'),
(27,	'Taro');

INSERT INTO HeadChef(empID, headChefHatSize) VALUE
(3, 'S'),
(4, 'M'),
(5, 'XL');

INSERT INTO SousChef(empID, level) VALUE
(6, 'I'),
(7, 'I'),
(8, 'IV'),
(9, 'III'),
(10, 'IV'),
(11, 'II'),
(12, 'I'),
(13, 'III');

INSERT INTO LineCook(empID) VALUE
(14), (15), (16), (17), (18), (19), (20), (21), (22), (23), (24), (25), (26), (27);

INSERT INTO MaitreD(empID) VALUE
(28), (29), (30);

INSERT INTO Dishwasher(empID) VALUE
(31), (32), (33), (34), (35), (36), (37), (38);

INSERT INTO Waiter(empID) VALUE
(39), (40), (41), (42), (43), (44), (45), (46), (47), (48), (49), (50);

INSERT INTO Recipe(empID, recipeName) VALUE
(3, 'Awesome Pancakes with a Twist'),
(3, 'Super Special Sundae Shake'),
(3, 'Cripy Sweet French Fries'),
(3, 'Spanish Noodles'),
(3, 'Waffle French Fries'),
(3, 'Fish Tacos'),

(4, 'Italian Lobster Fries'),
(4, 'Orange Chicken'),
(4, 'Grilled Chicken'),
(4, 'Chicken Sandwich'),
(4, 'Chicken Tenders'),
(4, 'Chicken Fingers'),

(5, 'Noodles in a Cup'),
(5, 'Steamed Broccoli'),
(5, 'Drizzling Dribble Dragon Head Steak'),
(5, 'Fish and Fries'),
(5, 'The Average Burger');

INSERT INTO Ingredients(recID, ingredientName, quantity) VALUE
(1, 'Chicken wings', 12),
(1, 'Black pepper', 3),
(1, 'Sea salt', 5),
(1, 'Flour', 2),
(1, 'Vegestable oil', 5),
(1, 'Cornstarch', 8),
(2, 'Soda', 4),
(2, 'Powder', 5),
(2, 'Soy sauce', 5),
(2, 'Dry sherry', 1),
(2, 'Sesame oil', 25),
(2, 'Chicken breast meat', 10),
(3, 'Egg', 26),
(3, 'Green Onion', 20),
(3, 'Mushrooms', 10),
(3, 'Carrots', 2),
(3, 'Peas', 2),
(3, 'Bell pepper', 5),
(3, 'Water chestnuts', 10),
(3, 'Bamboo shoots', 32),
(3, 'Bean sprouts', 12),
(4, 'Oyster Sauce', 23),
(4, 'Sriracha', 28),
(4, 'Canola oil', 68),
(4, 'Noodles', 8),
(4, 'Baby bok choy', 4),
(5, 'Bean sprouts', 1),
(5, 'Butter', 42),
(5, 'Chicken borth', 5),
(5, 'Potates', 3),
(5, 'Whole milk', 5),
(5, 'Crab', 5),
(6, 'Cornstarch', 42),
(6, 'Egg whites', 12),
(6, 'Chicken ', 23),
(6, 'Orange juice', 24),
(6, 'Brown sugar', 10),
(6, 'Wine vinegar', 1),
(6, 'Dash salt', 1),
(7, 'Aniseed', 22),
(7, 'Pork chops', 12),
(7, 'Kosher salt', 12),
(7, 'Red pepper flakes', 1),
(7, 'Lemon juice', 1),
(7, 'Olive oil', 1),
(7, 'Parsley leaves', 1),
(8, 'Noodle', 3),
(8, 'Chicken', 4),
(8, 'Olive oil', 4),
(8, 'Egg', 2),
(8, 'Kosher salt', 4),
(8, 'Chile sauce', 2),
(9, 'Lemongrass', 2),
(9, 'Habanero chile', 1),
(9, 'Garlic', 2),
(9, 'Pork chops', 4),
(9, 'Rice vinegar', 6),
(10, 'White onion', 1),
(10, 'Olive oil', 2),
(10, 'Lime juice', 3),
(10, 'Kosher salt', 2),
(10, 'Brown sugar', 2),
(10, 'Vegetable oil', 2),
(10, 'Pork chops', 2),
(11, 'Pork chops', 2),
(11, 'Fresh ginger', 2),
(11, 'Brown suager', 2),
(11, 'Kosher salt', 4),
(11, 'Rice vinegar',1 ),
(12, 'Pork shoulder', 2),
(12, 'Chicken breast', 2),
(12, 'Sugar', 4),
(12, 'Fresh ginger', 1),
(12, 'Sea salt', 22),
(13, 'Onion', 2),
(13, 'Kosher salt', 1),
(13, 'Orange juice', 1),
(14, 'Mustard', 2),
(14, 'Apple cider vinegar', 3),
(14, 'Pork tenderloin', 1),
(14, 'Molasses', 1),
(15, 'Vegetable oil', 2),
(15, 'Garlic', 2),
(15, 'Kosher salt', 4),
(15, 'Pork chops', 4),
(16, 'Kosher salt', 2),
(16, 'Vegetable oil', 1),
(16, 'Pork ribs', 2),
(16, 'Butter', 2),
(16, 'Sea salt', 2),
(16, 'Olive oil', 2),
(17, 'Chicken', 2),
(17, 'Pork cutlets', 4),
(17, 'Fish sauce', 2),
(17, 'Olive oil', 2);


INSERT INTO Station(stationName, responsibilityDesc) VALUE
('Butcher', 'butches stuff'),
('Fry Cook', 'fries stuff'),
('Grill', 'grill stuff'),
('Pantry', 'ensures filled pantries'),
('Pastry', 'makes deserts'),
('Roast', 'roasts meats'),
('Saute', 'makes sauces and gravies'),
('Vegetable', 'cuts vegetables');

INSERT INTO CookingStation(empID, stationName, dateStationed) VALUE
(25,'Butcher','2018-09-20'),
(24,'Butcher','2019-05-09'),
(25,'Butcher','2018-10-23'),
(14,'Butcher','2017-01-18'),
(21,'Butcher','2018-07-08'),
(22,'Butcher','2018-06-27'),
(24,'Butcher','2019-07-26'),
(22,'Butcher','2018-06-22'),
(17,'Butcher','2017-09-02'),
(27,'Butcher','2018-01-18'),
(15,'Butcher','2018-07-08'),
(22,'Fry Cook','2017-08-20'),
(14,'Fry Cook','2018-12-01'),
(22,'Fry Cook','2018-12-14'),
(24,'Fry Cook','2019-01-05'),
(15,'Fry Cook','2019-04-03'),
(25,'Fry Cook','2018-03-13'),
(27,'Fry Cook','2018-10-01'),
(24,'Fry Cook','2019-05-25'),
(16,'Fry Cook','2019-04-16'),
(22,'Fry Cook','2018-06-05'),
(19,'Fry Cook','2018-08-13'),
(14,'Fry Cook','2008-08-10'),
(21,'Fry Cook','2019-01-10'),
(16,'Fry Cook','2019-01-19'),
(19,'Fry Cook','2017-12-11'),
(19,'Fry Cook','2018-01-20'),
(19,'Fry Cook','2019-02-15'),
(15,'Fry Cook','2018-06-25'),
(24,'Fry Cook','2017-11-29'),
(17,'Fry Cook','2019-03-21'),
(26,'Fry Cook','2018-08-04'),
(24,'Grill','2017-09-20'),
(22,'Grill','2019-07-19'),
(24,'Grill','2018-12-22'),
(20,'Grill','2018-07-04'),
(24,'Grill','2018-01-24'),
(27,'Grill','2017-10-08'),
(16,'Grill','2018-07-25'),
(18,'Grill','2018-05-06'),
(25,'Grill','2017-08-27'),
(24,'Grill','2019-05-16'),
(21,'Grill','2018-04-23'),
(18,'Pantry','2018-11-21'),
(23,'Pantry','2019-09-20'),
(15,'Pantry','2019-06-30'),
(14,'Pantry','2019-07-01'),
(22,'Pantry','2019-07-01'),
(14,'Pantry','2018-01-17'),
(16,'Pantry','2018-02-26'),
(21,'Pantry','2019-05-22'),
(16,'Pantry','2018-06-07'),
(19,'Pantry','2018-07-26'),
(15,'Pantry','2017-12-14'),
(15,'Pastry','2018-02-23'),
(25,'Pastry','2017-11-24'),
(15,'Pastry','2018-07-21'),
(19,'Pastry','2018-06-20'),
(20,'Pastry','2017-08-03'),
(24,'Pastry','2018-12-09'),
(24,'Pastry','2017-11-30'),
(26,'Pastry','2017-12-06'),
(24,'Pastry','2018-10-06'),
(15,'Pastry','2018-07-28'),
(22,'Pastry','2017-08-15'),
(21,'Roast','2017-08-18'),
(21,'Roast','2018-10-28'),
(21,'Roast','2018-10-10'),
(24,'Roast','2017-10-15'),
(26,'Roast','2017-10-21'),
(25,'Roast','2019-02-03'),
(27,'Roast','2019-02-28'),
(17,'Roast','2019-05-08'),
(27,'Saute','2018-12-02'),
(25,'Saute','2019-02-24'),
(20,'Saute','2019-06-07'),
(17,'Saute','2017-11-21'),
(18,'Saute','2017-10-04'),
(22,'Saute','2018-05-17'),
(23,'Saute','2019-02-25'),
(27,'Saute','2018-12-05'),
(14,'Saute','2017-08-06'),
(16,'Saute','2018-08-02'),
(26,'Saute','2019-07-03'),
(22,'Saute','2018-07-04'),
(26,'Vegetable','2019-03-18'),
(15,'Vegetable','2019-03-29'),
(14,'Vegetable','2019-01-11'),
(14,'Vegetable','2019-03-01'),
(22,'Vegetable','2018-08-02'),
(22,'Vegetable','2019-04-17'),
(15,'Vegetable','2019-03-30'),
(23,'Vegetable','2018-08-03'),
(26,'Vegetable','2019-03-24'),
(18,'Vegetable','2018-05-14'),
(19,'Vegetable','2017-12-24'),
(22,'Vegetable','2018-07-23'),
(24,'Vegetable','2018-03-25'),
(15,'Vegetable','2018-10-23'),
(23,'Vegetable','2018-05-12'); 



INSERT INTO DishBonus(empID, dateWorked, dishesWashed) VALUES
(31, '2018-02-16', 123),
(31, '2018-02-17', 256),
(31, '2018-02-18', 132),
(32, '2018-02-17', 164),
(32, '2018-02-18', 105),
(32, '2018-02-19', 68),
(33, '2018-02-01', 138),
(33, '2018-02-23', 112),
(34, '2018-02-23', 72),
(34, '2018-02-08', 83),
(35, '2018-02-01', 15),
(35, '2018-02-12', 62),
(36, '2018-02-01', 92),
(37, '2018-02-02', 99),
(38, '2018-02-09', 102);

INSERT INTO Tip(empID, dateOfTip, timeOfTip, tipAmount) VALUES
(39, '2018-05-01', current_time(), 6.01),
(39, '2018-05-03', current_time(), 2.5),
(39, '2018-05-04', current_time(), 1),
(39, '2018-05-09', current_time(), 100),
(39, '2018-05-13', current_time(), 18),
(39, '2018-05-18', current_time(), 10),
(39, '2018-05-26', current_time(), 6),
(39, '2018-05-30', current_time(), 5),

(40, '2017-09-12', current_time(), 2),
(40, '2017-09-20', current_time(), 5),
(40, '2017-09-30', current_time(), 8),

(41, '2018-07-12', current_time(), 4.20),
(41, '2018-07-22', current_time(), 200),
(41, '2018-07-24', current_time(), 5),

(42, '2017-06-01', current_time(), 1.69),
(42, '2017-06-03', current_time(), 10),
(42, '2017-06-04', current_time(), 6),
(42, '2017-06-09', current_time(), 8),
(42, '2017-06-13', current_time(), 3),
(42, '2017-06-18', current_time(), 8),
(42, '2017-06-26', current_time(), 4),
(42, '2017-06-30', current_time(), 2),

(43, '2018-06-2', current_time(),4),
(43, '2018-06-5', current_time(),6),
(43, '2018-06-8', current_time(),8),
(43, '2018-06-12',current_time(),  2),

(44, '2019-10-2',current_time(),2),
(44, '2019-10-4',current_time(),5),
(44, '2019-10-5',current_time(),8),
(44, '2019-11-12',current_time(),3),
(44, '2019-11-14',current_time(),6),
(44, '2019-11-19',current_time(),6),

(45, '2017-01-2',current_time(),9),
(45, '2017-01-7',current_time(),2),
(45, '2017-01-16',current_time(),5),
(45, '2018-02-20',current_time(),8),
(45, '2018-02-21',current_time(),2),
(45, '2018-02-22',current_time(),5),
(45, '2019-01-15',current_time(),8),
(45, '2019-01-18',current_time(),2),
(45, '2019-01-20',current_time(),5),
(45, '2019-01-26',current_time(),8),

(46, '2017-12-27', current_time(), 10),
(46, '2017-12-28', current_time(), 6),
(46, '2017-12-29', current_time(), 5),
(46, '2017-12-30', current_time(), 2),
(46, '2018-01-01', current_time(), 5),

(47, '2018-04-09', current_time(), 8),
(47, '2018-04-13', current_time(), 3),
(47, '2019-06-18', current_time(), 8),
(47, '2019-06-19', current_time(), 4),
(47, '2019-06-21', current_time(), 2),
(47, '2019-06-24', current_time(),4),
(47, '2019-06-27', current_time(),6),

(48, '2017-02-01', current_time(), 2),
(48, '2018-02-11', current_time(), 5),
(48, '2018-02-12', current_time(), 8),

(49, '2018-03-01',current_time(),8),
(49, '2019-03-01',current_time(),3),
(49, '2017-03-01',current_time(),6),
(49, '2018-03-03',current_time(),6),
(49, '2019-03-05',current_time(),9),

(50, '2018-07-01', current_time(), 6.01),
(50, '2018-07-03', current_time(), 2.5),
(50, '2018-07-04', current_time(), 1);


INSERT INTO MoraleBonus(empID, month, year) VALUES
(39, 5, 1999),
(42, 6, 2000),
(43, 8, 1993);

INSERT INTO Menu(menuType, priceModifierPercentage, startTime, endTime, dateCreated) VALUES
('Lunch',                   10, '10:00:00', '16:59:59', '2018-03-29'), -- 10am to 4:59pm
('Evening',                 0,  '17:00:00', '23:00:00', '2018-11-23'), -- 5pm to 11pm
('Sunday Brunch Buffet',    50, '10:00:00', '23:00:00', '2018-08-09'), -- only sundays 10am to 11pm
('Children',            	20, '10:00:00', '23:00:00', '2018-02-18'); -- all day everyday so 10am to 11pm

INSERT INTO MenuItem(menuItemName, spiciness, basePrice) VALUES
('Scallop Fries', 		'Mild', 		5.50), #appetizer #meatEntree
('Bacon Brussel Sprouts', 	'Tangy', 		6.15), #meatEntree
('Salmon Curry', 			'Hot', 			8.99), #meatEntree
('Pad Thai', 				'Mild', 		12.99),
('Spaghetti Bolognese', 	'Piquant', 		25.79),
('Chicken Wings', 			'Oh My God', 	2.50),
('Steak Wrap', 				'Hot', 			6.99),
('Tacos', 					'Mild', 		4.20),
('Sweet & Sour Chicken', 	'Tangy', 		7.20),
('Cucumber Sandwiches',	'Piquant', 			3.60),#appetizer
('Noodle soup', 'Piquant', 4.50), #soup
('Chicken soup', 'Hot', 5.60), #soup
('Dumplings','Piquant', 3.50),#appetizer
('Ramen', 'Mild', 7.25), #soup
('Fried rice', 'Mild', 7.25), #appetizer
('Sweet and sour pork', 'Mild', 6.75),
('Kung Pao chicken', 'Hot', 8.25),
('Pork Shoulder Steaks', 'Mild', 8),
('Pork skewers', 'Hot', 6.25),
('Bacon-wrapped pig wings', 'Mild', 7.25),
('Smoky bacon barbecue', 'Hot', 7.30),
('Grilled pork chops', 'Tangy', 8.00),
('BBQ Pork Butt', 'Tangy', 8.50),
('Spring roll', 'Mild', 4.50),
('Stir fried tofu', 'Hot', 7.00); #appetizer

INSERT INTO Appetizer (menuItemName) VALUES
('Fried rice'),
('Scallop Fries'),
('Stir fried tofu'),
('Dumplings'),
('Cucumber Sandwiches');

Insert Into Soup (menuItemName,broth) Values
('Noodle soup','vegetable broth'),
('Chicken soup','chicken broth'),
('Ramen','beef broth');

Insert Into MeatEntree(menuItemName,entreeSelection) VALUES
('Scallop Fries','Seafood'),
('Bacon Brussel Sprouts', 'Pork'),
('Salmon Curry', 'Seafood'),
('Pad Thai','Chicken'),
('Spaghetti Bolognese', 'Beef'),
('Chicken Wings','Chicken'),
('Steak Wrap', 'Beef'),
('Tacos', 'Beef'),
('Sweet & Sour Chicken','Chicken'),
('Cucumber Sandwiches', 'Vegetable'),
('Noodle soup',  'Vegetable'),
('Chicken soup', 'Chicken'),
('Dumplings', 'Seafood'),
('Ramen', 'Vegetable'), 
('Fried rice', 'Chef Special'),
('Sweet and sour pork', 'Pork'),
('Kung Pao chicken','Chicken'),
('Pork Shoulder Steaks', 'Chef Special'),
('Pork skewers','Pork'),
('Bacon-wrapped pig wings', 'Pork'),
('Smoky bacon barbecue', 'Chef Special'),
('Grilled pork chops','Pork'), 
('BBQ Pork Butt','Pork'),
('Spring roll','Vegetable'),
('Stir fried tofu', 'Vegetable');

INSERT INTO ChowMein (menuItemName, typeOfNoodles) VALUES
('Kung Pao chicken', 'Hand Tossed'),
('Smoky bacon barbecue','soba' ),
('Sweet and sour pork', 'soba'),
('Sweet & Sour Chicken','Hand Tossed');

INSERT INTO EggFooYoung (menuItemName, omeletStyle) VALUES
('Stir fried tofu', 'American'),
('Smoky bacon barbecue','French'),
('BBQ Pork Butt','American'),
('Bacon Brussel Sprouts','French');

INSERT INTO ChopSuey (menuItemName, typeOfRice) VALUES 
('Stir fried tofu', 'Brown'),
('Sweet & Sour Chicken', 'Wild'),
('Kung Pao chicken', 'Rice'),
('Fried Rice', 'Brown');

INSERT INTO MenuMenuItem(menuType, menuItemName, portionSize) VALUES
('Evening', 'Salmon Curry', 			'2 oz'),
('Evening', 'Steak Wrap', 			'4 lbs'),
('Evening', 'Bacon Brussel Sprouts',              '9 lbs'),
('Evening', 'Spaghetti Bolognese', 		'5 oz'),
('Evening', 'Chicken Wings', 			'5 oz'),
('Evening', 'Scallop Fries', 			'6 lbs'),
('Evening', 'Kung Pao Chicken',		'4 lbs'),
('Evening', 'Pork Skewers',			'5lbs'),
('Evening', 'Pad Thai', 				'7 lbs'),
('Lunch', 'Steak Wrap', 				'5 oz'),
('Lunch', 'Fried Rice',                        			'5 oz'),
('Lunch', 'Chicken Soup',				'10 oz'),
('Lunch', 'Ramen',					'10 oz'),
('Lunch', 'Spring Roll',						'2 lbs'),
('Lunch', 'Dumplings', '3 lbs'),
('Lunch', 'Kung Pao Chicken',				'4 lbs'),
('Lunch', 'Sweet & Sour Chicken', 		'3.3 lbs'),
('Lunch', 'Cucumber Sandwiches', 		'18 oz'),
('Lunch', 'Tacos', 						'20 lbs'),
('Lunch', 'Pad Thai', 					'19 oz'),
('Sunday Brunch Buffet', 'Scallop Fries', 				'1  oz'),
('Sunday Brunch Buffet', 'Bacon Brussel Sprouts', 		'2 lbs'),
('Sunday Brunch Buffet', 'Salmon Curry', 				'3 lbs'),
('Sunday Brunch Buffet', 'Pad Thai', 					'5 oz'),
('Sunday Brunch Buffet', 'Spaghetti Bolognese', 		'6 lbs'),
('Sunday Brunch Buffet', 'Chicken Wings', 				'8 oz'),
('Sunday Brunch Buffet', 'Steak Wrap', 					'7 lbs'),
('Sunday Brunch Buffet', 'Tacos', 						'11 oz'),
('Sunday Brunch Buffet', 'Sweet & Sour Chicken', 		'9 lbs'),
('Sunday Brunch Buffet', 'Cucumber Sandwiches', 		'12 oz'),
('Children', 'Scallop Fries', 			'8 lbs'),
('Children', 'Pad Thai', 				'9 lbs'),
('Children', 'Tacos', 					'13 oz'),
('Children', 'Fried Rice', 	'2 oz'),
('Children', 'Ramen', '5 oz'),
('Children', 'Sweet and sour pork', '5 oz'),
('Children',  'Pork Shoulder Steaks', '4 oz'),
('Children', 'Bacon-wrapped pig wings', '5 oz'),
('Children', 'Spring roll', '4 oz');

INSERT INTO Expertise(empID, menuItemName) VALUES
(6, 	'Scallop Fries'),
(7, 	'Bacon Brussel Sprouts'),
(7, 	'Pad Thai'),
(7, 	'Steak Wrap'),
(9, 	'Sweet & Sour Chicken'),
(9, 	'Pad Thai'),
(10, 	'Salmon Curry'),
(11, 	'Bacon Brussel Sprouts'),
(13, 	'Tacos'),
(13, 	'Spaghetti Bolognese'),
(13, 	'Chicken Wings'),
(13, 	'Cucumber Sandwiches'),
(13, 	'Pad Thai');
-- studentID != mentorID
-- (mentorID, menuItemName) combo MUST already exist in Expertise table
-- endDate has to be greater than the startDate
-- if you insert a Mentorship with an endDate that has not passed yet 
-- then the Mentorship has not been completed 
-- therefore the SousChef with studentID will NOT be inserted into the Expertise table

INSERT INTO Mentorship(studentID, mentorID, menuItemName, startDate, endDate) VALUES
(10,		7, 		'Bacon Brussel Sprouts',					'2017-08-30','2017-09-16'),
(6,			7, 		'Bacon Brussel Sprouts',					'2017-09-17','2017-09-27'),
(9,			7, 		'Bacon Brussel Sprouts',					'2017-09-28','2017-10-10'),
(12,		11, 	'Bacon Brussel Sprouts',					'2017-10-11','2017-10-26'),
(11,		13, 	'Chicken Wings',							'2017-10-27','2017-11-15'),
(6,			13, 	'Chicken Wings',							'2017-11-16','2017-11-25'),
(12,		13, 	'Chicken Wings',							'2017-11-26','2017-12-15'),
(9,			13, 	'Chicken Wings',							'2018-01-08','2018-01-18'),#----
(7,			13, 	'Cucumber Sandwiches',						'2018-02-2','2018-02-21'),
(6,			13, 	'Cucumber Sandwiches',						'2018-03-1','2018-03-25'),
(13,		10, 	'Salmon Curry',								'2018-05-13','2018-05-23'),
(12,		10, 	'Salmon Curry',								'2018-05-20','2018-05-28'),
(6,			10, 	'Salmon Curry',								'2018-09-08','2018-09-24'),
(7,			6, 		'Scallop Fries',							'2018-10-18','2018-10-30'),
(9,			6, 		'Scallop Fries',							'2018-11-02','2018-11-09'),
(6,			7, 		'Steak Wrap',								'2018-12-03','2018-12-22'),#----
(9,			7, 		'Steak Wrap',								'2019-01-21','2019-01-31'),
(10,		7, 		'Steak Wrap',								'2019-02-16','2019-02-28'),
(11,		7, 		'Steak Wrap',								'2019-04-21','2019-05-15'),
(7,			9, 		'Sweet & Sour Chicken',						'2019-07-12','2019-08-16'),
(12,		9, 		'Sweet & Sour Chicken',						'2019-10-04','2019-10-25'),
(6,			13, 	'Tacos',									'2019-12-01','2019-12-22');


INSERT INTO Customer (cFirstName, cLastName,cDOB) VALUES 
('Alta','Ward','1999-11-07'),
('Blanca','Lind','1985-01-06'),
('Tom','Morello','1978-06-05'),
('Brenna','Batz','1972-02-21'),
('Brooke','Fahey','1977-03-12'),
('Charlotte','McDermott','1970-07-23'),
('Dianna','Beier','1981-03-24'),
('Steven','Tyler','1950-11-20'),
('Joe', 'Perry','1953-04-04'),
('Estelle','Purdy','1967-08-08'),
('Bill','Wyman','1978-09-05'),
('Mick','Jagger','1944-05-13'),
('Elton','John','1948-10-20'),
('Bob', 'Dylan','1940-01-04'),
('Grace','Lehner','1973-12-13'),
('Gracie','Cole','1997-06-16'),
('Gregoria','Rutherford','1989-07-23'),
('Heath','Connelly','1997-01-31'),
('Kailey','Boyer','1973-01-07'),
('Ringo','Starr','1940-05-13'),
('George','Harrison','1951-12-20'),
('Pete', 'Best','1980-06-24'),
('Lessie','Koelpin','2001-07-22'),
('Lilian','Orn','1990-09-14'),
('Layne','Stanley','1986-11-11'),
('Robert', 'Gray','1957-08-08'),
('Lonie','Kutch','1976-10-19'),
('Gary','Rossington','1992-07-31'),
('Lydia','Schroeder','1978-07-27'),
('Robert','DeNiro','1983-11-20'),
('Martin', 'Scorsese','1989-06-10'),
('Mick','Mars','1953-07-31'),
('Arthur','Fleck','1955-05-18'),
('Norman','Osborn','1976-05-11'),
('Danny','Trejo','1977-03-28'),
('Maribel','Renner','1999-03-10'),
('Phillip', 'Brooks', '1980-03-23'),
('Maryam','Torphy','1998-12-04'),
('Jimi','Hendrix','1948-07-04'),
('Ace','Frehley','1959-02-19'),
('Barry','Gibb','1986-05-13'),
('Matilda','Leannon','1970-08-17'),
('Mia','Gleason','1976-12-06'),
('River','Runte','1990-07-24'),
('Roxanne','Hilll','1973-09-24'),
('Vallie','Schaefer','1981-07-01'),
('Vilma','Mills','1974-05-13'),
('David','Bowie','1958-08-21'),
('Brian','Jones','1968-11-14'),
('Ian','Stewart','1973-07-31'),
('James','Crockett','1951-01-11');

INSERT INTO PrivateCustomer (customerID) VALUES
(1),
(2),
(3),
(4),
(5),
(6),
(7),
(8),
(9),
(10),
(12),
(14),
(16),
(18),
(20),
(21),
(22),
(23),
(24),
(25),
(26),
(27),
(28),
(29),
(30),
(31),
(32),
(33),
(34),
(35),
(36),
(37),
(38),
(39),
(40);


INSERT INTO CorporateCustomer (customerID, orgName, deptName, officeAddress) VALUES 
(11, 'Burger King', 'Sales', '17 Fawn St.North Haven, CT 06473'),
(13, 'Yahoo!', 'Engineering', '659 Jockey Hollow Street Attleboro, MA 02703'),
(15, 'eBay' , 'Marketing', '166 South Hill Lane Billerica, MA 01821'),
(17, 'Adobe', 'Financial', '723 Warren Street Huntington Station, NY 11746'),
(19, 'Amazon', 'Administration', '15 Cactus Street Woodside, NY 11377'),
(41, 'Bank of America', 'Engineering', '96 Spring Avenue Redford, MI 8239'),
(42, 'Apple' , 'Engineering', '7812 Bayberry St. Glendale, AZ 85302'),
(43, 'Walmart', 'Marketing', '38 Washington Lane Naples, FL 34116'),
(44, 'AT&T', 'Sales', '9055 Meadowbrook Street West New York, NJ 07093'),
(45, 'JPMorgan Chase', 'Engineering', '249 Paris Hill St. Kalamazoo, MI 49009'),
(46, 'Chevron' , 'Logistics', '374 Pendergast Drive Burnsville, MN 55337'),
(47, 'Google', 'Security', '9020 Coffee Avenue Maumee, OH 43537'),
(48, 'FedEx', 'Sales', '7 Maiden St. Tuckerton, NJ 08087'),
(49, 'Anthem', 'Engineering', '122 Selby Street Fort Wayne, IN 46804'),
(50, 'Verizon' , 'Marketing', '25 Academy Rd. Springboro, OH 45066'),
(1, 'United Nations', 'Sales', '254 S. Arch Street Flemington, NJ 08822'),
(2, 'Salvation Army', 'Financial', '547 Van Dyke St. Thornton, CO 80241'),
(3, 'Universal' , 'Marketing', '8576 Buttonwood Street Wenatchee, WA 98801'),
(4, 'Fox', 'Marketing', '9574 Military Street Land O Lakes, FL 34639'),
(5, 'Disney', 'Sales', '733 Proctor St. Media, PA 19063'),
(6, 'WWF', 'Human Resources', '416 Mill Pond Ave. Fayetteville, NC 28303'),
(7, 'Papa Johns' , 'Sales', '8 Birch Hill Avenue Santa Cruz, CA 95060'),
(8, 'Dell', 'Engineering', '82 River Dr. Littleton, CO 80123'),
(9, 'HP', 'Logistics', '7555 Wintergreen Dr. West Deptford, NJ 08096'),
(10, 'T-Money Inc', 'Engineering', '281 South Lake Street Medford, MA 02155'),
(31, 'Maverick' , 'Sales', '388 Windfall Drive Huntington Station, NY 11746');



INSERT INTO MimingsMoney (customerID, creditEarned, creditSpent, currentBalance) VALUES 
(1, 23, 12.43, 10.57),
(2, 10, 2.50, 7.50),
(3, 5, 1.00, 4.00),
(4, 11, 10.10, 0.90),
(5, 7, 6.00, 1.00),
(6, 9, 5.00, 4.00),
(7, 10, 4.25, 5.75),
(8, 21, 15.76, 5.24),
(9, 13, 2.56, 10.44),
(10, 6, 3.00, 3.00),
(11, 10, 12.43, 10),
(12, 2, 2.50, 7.50),
(13, 9, 1.00, 4.00),
(14, 2, 10.10, 0.90),
(15, 13, 6.00, 1.00),
(16, 9, 5.00, 4.00),
(17, 6, 4.25, 5.75),
(18, 11, 15.76, 5.24),
(19, 20, 2.56, 10.44),
(20, 6, 3.00, 3.00),
(21, 9, 12.43, 10),
(22, 10, 2.50, 7.50),
(23, 5, 1.00, 4.00),
(24, 11, 10.10, 0.90),
(25, 7, 6.00, 1.00),
(26, 9, 5.00, 4.00),
(27, 10, 4.25, 5.75),
(28, 21, 15.76, 5.24),
(29, 13, 2.56, 10.44),
(30, 6, 3.00, 3.00),
(31, 23, 12.43, 10),
(32, 10, 2.50, 7.50),
(33, 5, 1.00, 4.00),
(34, 11, 10.10, 0.90),
(35, 7, 6.00, 1.00),
(36, 9, 5.00, 4.00),
(37, 10, 4.25, 5.75),
(38, 21, 15.76, 5.24),
(39, 13, 2.56, 10.44),
(40, 6, 3.00, 3.00),
(41, 23, 12.43, 10),
(42, 10, 2.50, 7.50),
(43, 5, 1.00, 4.00),
(44, 11, 10.10, 0.90),
(45, 7, 6.00, 1.00),
(46, 9, 5.00, 4.00),
(47, 10, 4.25, 5.75),
(48, 21, 15.76, 5.24),
(49, 13, 2.56, 10.44),
(50, 6, 3.00, 3.00);


INSERT INTO ContactInfo (customerID, email, snailMailAddress, phone) VALUES 
(1, 'getmehere@gmail.com', '21 Constitution Ave. Elmont, NY 11003', '202-555-0130'),
(2, 'mobster124@gmail.com', '86 Rock Creek Street Nutley, NJ 07110', '202-555-0185'),
(3, 'osmoJones@gmail.com', '8779 Paris Hill Drive Grosse Pointe, MI 48236', '202-555-0120'),
(4, 'hellokitty5353@gmail.com', '583 South Riverview St. Osseo, MN 55311', '202-555-0139'),
(5, 'starwarsfan231@gmail.com', '102 S. Shipley St. Crawfordsville, IN 47933', '202-555-0122'),
(6, 'stingTakeover@gmail.com', '60 Prospect Street Enterprise, AL 36330', '202-555-0154'),
(7, 'vanillaFan@gmail.com', '904 Golf St. Ottumwa, IA 52501', '202-555-0177'),
(8, 'paintHouse330@gmail.com', '477 Main St. Nampa, ID 83651', '202-555-0101'),
(9, 'newuserhere@gmail.com', '51 North Gregory St. Loganville, GA 30052', '202-555-0129'),
(10, 'jdsfkldlkdsfjjfdk@gmail.com', '507 Gonzales St. Cedar Falls, IA 50613', '202-555-0118'),
(11, 'yasuo@gmail.com', '123 Oak Avenue, CA 90870', '321-098-6545'),
(12, 'diana@gmail.com', '1254 Burger Avenue, CA 90123', '390-876-8765'),
(13, 'hecarim@gmail.com', '5424 Food Street, CA 90123', '387-897-9876'),
(14, 'leblanc@gmail.com', '18765 Oatmilk Avenue, CA 90765', '321-987-1234'),
(15, 'lucian@gmail.com', '17543 History Avenue, CA 90123', '454-123-6543'),
(16, 'adrian12@gmail.com', '60 Professor Street Enterprise', 'GA 30051'),
(17, 'iblake@sanchez.com', '911 Carson Stream
Lake Randy, MT 75178','227-777-9668'),
(18, 'danieljacobs@gmail.com', '27946 Bradford Trail
Angelamouth, NE 84482','674-561-5954'),
(19, 'marquezdaniel@gmail.com', '427 Cruz Harbors Suite 055
Grayview, OR 22721','269-628-5318'),
(20, 'tammy55@gmail.com', '50591 Ashley Rue Suite 992
Harveyberg, ID 41954','864-154-5454'),
(21, 'jamesrangel@hotmail.com', '594 Thomas Port Apt. 738
Huffmouth, DC 74318','191-827-1445'),
(22, 'qhughes@best.info', '030 Huber Center Suite 216
Huntport, NC 77368','966-627-3857'),
(23, 'mcompton@hotmail.com', '30902 Foster Garden Apt. 557
Port Dianeview, MI 07273','414-207-1797'),
(24, 'martingonzalez@hurst.com', '7783 Jody Hills Apt. 274
West Sarahmouth, OH 92350','219-180-1796'),
(25, 'david19@atkins.com', '0250 Jason Oval
Brewerport, MS 43872','558-364-6807'),
(26, 'marciavalencia@yahoo.com', '18085 Castro Groves Apt. 572
New Cliffordview, HI 76727','274-452-9954'),
(27, 'mathew38@becker.com', '495 Adam Islands
North Jennifer, NH 65158','391-967-4145'),
(28, 'ekemp@yahoo.com', 'Unit 8317 Box 0214
DPO AA 67828','151-195-2515'),
(29, 'stephanie10@hotmail.com', '5777 Andrew Greens
Port Hailey, DC 11901','120-916-9833'),
(30, 'mcculloughlauren@gmail.com', '422 Neal Village
Thompsonburgh, OR 05333','496-181-9699'),
(31, 'bakererin@krueger.com', '2850 Johnson Mission
Aguilarport, WI 85539','834-862-2789'),
(32, 'charleswright@yahoo.com', '62895 Cortez Forest Suite 406
Walkerfurt, IL 43502','136-939-3127'),
(33, 'thompsonlauren@gmail.com', '50395 Andrea Turnpike Apt. 532
South Jacob, IN 38062','689-468-2276'),
(34, 'taylorjerry@taylor-browning.com', '94637 Jacob Island
Brentstad, SC 12619','880-418-1311'),
(35, 'emily48@evans-haley.info', '262 Mark Flats
Gabrielland, MD 98498','493-920-7395'),
(36, 'kthomas@hotmail.com', '48951 Briggs Cape
East James, NH 76910','319-629-9263'),
(37, 'chowell@petersen.biz', '8938 Lowe Orchard Suite 584
West Lisa, MA 25388','138-592-9129'),
(38, 'katie95@hotmail.com', '102 Carrie Orchard Apt. 071
Harrisville, KY 24093','580-856-8925'),
(39, 'david20@yahoo.com', '55773 Jones Divide
Lake Victoriaview, NE 01885','193-797-6097'),
(40, 'billymayer@yahoo.com', '296 Lisa Alley Suite 006
Lake Brianburgh, NY 86115','891-818-1743'),
(41, 'obriensusan@hotmail.com', '579 Lowe Manors
East Laura, MA 66395','935-652-5412'),
(42, 'galvanjohn@mcfarland-davis.com', '6075 Julia Parks Apt. 938
Shirleystad, NV 30815','807-557-2542'),
(43, 'mnolan@howell.biz', '580 Weaver Courts
Monicatown, VA 11923','716-552-5604'),
(44, 'deborah98@greene.com', '73162 Lindsey Roads
Dorisberg, UT 55828','414-470-6824'),
(45, 'rmclean@gmail.com', '19138 Waters Summit
Pettystad, LA 14312','396-306-8957'),
(46, 'lavery@hotmail.com', '50674 Steven Streets Suite 278
East Johnland, TN 32191','585-204-1054'),
(47, 'leerhonda@parker-anderson.com', '927 Dennis Radial Apt. 583
Port Victoriamouth, MS 26243','717-486-6702'),
(48, 'cody53@young.com', '532 Jesse Plaza Apt. 199
North Douglas, WI 77036','109-611-6504'),
(49, 'michaelbrown@yahoo.com', '8057 Johnson Mountains
Jimenezchester, UT 16390','385-657-5972'),
(50, 'mjohnson@davila-bernard.com', '97628 Kevin Drives Suite 188
Brandonside, OK 12282','710-469-3531');


INSERT INTO Orders(customerID, orderDate, orderTime) VALUES
#Lunch '10:00:00', '16:59:59'
#Evening '17:00:00' - '23:00:00'
#SUNDY '10:00:00' - '23:00:00'
#Children '10:00:00' - '23:00:00'


#LUNCH----------------------------------------------------
(1,'2017-09-27','11:30:00'), 
(1,'2017-09-30','12:30:00'),
(1,'2017-09-30','14:10:00'),
(1,'2018-02-14','15:10:00'),
(1,'2018-02-15','12:23:00'),

(2,'2017-12-12','12:33:00'),
(2,'2018-05-14','15:12:00'),
(3,'2018-03-12','15:23:00'),
(3,'2019-05-14','12:22:00'),
(3,'2019-03-22','11:15:00'),

(4,'2019-03-23','15:55:00'),
(4,'2018-05-17','15:35:00'),
(10, '2018-03-17','12:18:00'),
(10, '2019-05-18','16:19:00'),
(34, '2019-03-22','11:33:00'),

(45, '2018-05-27','10:27:00'),
(28, '2017-11-17','13:21:00'),
(22, '2018-05-30','15:19:00'),
(21, '2017-09-06','13:40:00'),
(19, '2018-11-08','16:22:00'),

(10, '2019-03-11','13:33:00'),
(48, '2019-05-18','15:11:00'),
(38, '2018-03-23','13:04:00'),
(22, '2017-11-28','12:09:00'),
(34,  '2019-05-28','12:19:00'),
#EVENING-------------------------------------------------------

(2,'2017-09-14','19:30:00'),
(12,'2018-02-14','17:33:00'),
(22,'2018-02-14','18:31:00'),
(33,'2018-02-14','21:10:00'),
(31,'2019-02-14','18:11:00'),

(14,'2017-09-15', '18:43:12'),
(4,'2018-05-14', '22:33:12'),
(5, '2017-11-21', '21:01:11'),
(46,'2019-07-02', '18:29:57'),
(29, '2018-06-26', '20:00:00'),

(28, '2019-07-27', '19:04:43'),
(39, '2017-12-02', '17:21:27'),
(40,'2018-09-02', '18:27:42'),
(39, '2019-08-02', '20:11:27'),
(40,'2018-09-02', '22:00:00'),

(11, '2017-11-27', '19:34:43'),
(14, '2018-08-02', '20:51:27'),
(22,'2019-09-02', '21:55:42'),
(26, '2019-08-02', '17:57:27'),
(33,'2018-09-02', '18:58:42'),

(49, '2017-12-27', '22:34:43'),
(46, '2019-08-02', '20:27:27'),
(41,'2018-09-02', '17:29:42'),
(31, '2017-12-02', '18:21:27'),
(27,'2019-09-02', '18:25:42'),

#Sunday -------------------------------------------------------------------
(4,'2017-09-10', '11:43:12'),
(34, '2017-10-22', '12:01:11'),
(44,'2018-05-13', '11:33:12'),
(21,'2019-02-03', '14:29:57'),
(11, '2019-07-14', '12:52:49'),

(21,'2017-12-17', '14:25:42'),
(39,'2018-02-11', '18:37:42'),
(1, '2019-07-28', '21:34:43'),
(2, '2019-11-10', '17:51:27'),
(24, '2019-08-25', '17:11:27'),

(22,'2017-12-03', '22:45:42'),
(27, '2017-11-12', '13:27:27'),
(10, '2017-11-19', '15:54:43'),
(19, '2018-02-25', '20:11:27'),
(37,'2018-09-09', '11:48:42'),

(21, '2017-11-19', '10:21:27'),
(48, '2019-12-01', '21:24:43'),
(41, '2019-08-11', '17:37:27'),
(19,'2019-09-22', '12:59:42'),
(47,'2019-09-29', '14:15:42'),

#CHILDREN ------------------------------------------------------------------------
(2,'2018-06-14','19:30:00'),
(3,'2018-09-10','18:00:00'),
(4,'2019-03-14', '18:43:12'),
(15, '2018-11-21', '17:01:11'),
(6,'2018-07-19', '12:39:57'),

(27, '2019-09-26', '16:52:49'),
(38, '2018-07-28', '19:04:43'),
(29, '2018-08-22', '17:21:27'),
(18,'2017-09-19', '17:25:42'),
(23,'2018-12-15','18:00:00'),

(24,'2019-06-14', '18:43:12'),
(50, '2018-11-21', '17:01:11'),
(26,'2018-07-19', '12:39:57'),
(17, '2019-06-26', '13:52:49'),
(18, '2018-09-27', '19:04:43'),

(39, '2018-08-02', '17:21:27'),
(10,'2017-09-12', '17:25:42'),
(23,'2018-12-14','18:00:00'),
(34,'2019-05-15', '18:43:12'),
(15, '2018-11-21', '17:01:11'),

(46,'2018-07-19', '12:39:57'),
(7, '2019-06-26', '13:52:49'),
(8, '2018-07-27', '19:04:43'),
(29, '2018-08-26', '17:21:27'),
(10,'2017-09-30', '17:25:42'),

(32,'2018-12-14','18:00:00'),
(44,'2019-12-19', '18:43:12'),
(15, '2018-11-21', '17:01:11'),
(50,'2018-07-22', '12:39:57'),
(27, '2019-08-26', '21:52:49');




 



INSERT INTO Payment(orderID, paymentType, paymentDate) VALUES
(1,'card','2017-09-27'),
(2,'card','2017-08-29'),
(3,'card','2017-08-29'),
(4,'card','2017-08-30'),
(5,'cash','2017-08-30'),#--Cash
(6,'card','2017-09-03'),
(7,'card','2017-09-09'),
(8,'card','2017-09-15'),
(9,'card','2017-09-28'),
(10,'cash','2017-10-12'),#--Cash
(11,'card','2017-10-12'),
(12,'card','2017-10-12'),
(13,'card','2017-10-22'),
(14,'card','2017-10-22'),
(15,'cash','2017-10-22'),#--Cash
(16,'card','2017-11-15'),
(17,'card','2017-11-19'),
(18,'card','2017-12-24'),
(19,'card','2017-12-24'),
(20,'cash','2017-12-24'),#--Cash
(21,'cash','2017-01-08'),#--Cash
(22,'cash','2017-01-08'),#--Cash
(23,'card','2017-01-12'),
(24,'card','2017-02-14'),
(25,'card','2017-02-14'),
(26,'cash','2017-02-14'),#--Cash
(27,'card','2017-02-14'),
(28,'card','2017-03-03'),
(29,'card','2017-03-03'),
(30,'card','2017-05-14'),
(31,'card','2017-07-22'),
(32,'card','2017-08-23'),
(33,'card','2017-10-31'),
(34,'cash','2017-11-12'),#--Cash
(35,'card','2017-11-24'),
(36,'card','2018-12-28'),
(37,'card','2018-01-14'),
(38,'card','2018-01-14'),
(39,'card','2018-01-14'),
(40,'card','2018-02-15'),
(41,'card','2018-02-14'),
(42,'card','2018-03-12'),
(43,'cash','2018-03-18'),#--Cash
(44,'card','2018-04-22'),
(45,'card','2018-04-30'),
(46,'card','2018-05-14'),
(47,'cash','2018-07-22'),#--Cash
(48,'card','2018-07-17'),
(49,'card','2018-08-24'),
(50,'card','2018-09-25'),
(51,'card','2018-09-27'),
(52,'card','2018-08-29'),
(53,'cash','2018-08-29'),#--Cash
(54,'cash','2018-08-30'),#--Cash
(55,'cash','2018-08-30'),#--Cash
(56,'card','2018-09-03'),
(57,'cash','2018-09-09'),#--Cash
(58,'card','2018-09-15'),
(59,'card','2018-09-28'),
(60,'cash','2018-10-12'),#--Cash
(61,'card','2018-10-12'),
(62,'cash','2018-10-12'),#--Cash
(63,'card','2018-10-22'),
(64,'card','2018-10-22'),
(65,'cash','2018-10-22'),#--Cash
(66,'card','2018-11-15'),
(67,'card','2018-11-19'),
(68,'card','2018-12-24'),
(69,'card','2018-12-24'),
(70,'cash','2018-12-24'),#--Cash
(71,'cash','2019-01-08'),#--Cash
(72,'card','2019-01-08'),
(73,'cash','2019-01-12'),#--Cash
(74,'card','2019-02-14'),
(75,'cash','2019-02-14'),
(76,'card','2019-02-14'),
(77,'card','2019-02-14'),
(78,'card','2019-03-03'),
(79,'card','2019-03-03'),
(80,'cash','2019-05-14'),#--Cash
(81,'card','2019-07-22'),
(82,'card','2019-08-23'),
(83,'card','2019-10-31'),
(84,'card','2019-11-12'),
(85,'cash','2019-11-24'),#--Cash
(86,'card','2019-12-28'),
(87,'card','2019-01-14'),
(88,'card','2019-01-14'),
(89,'card','2019-01-14'),
(90,'cash','2019-02-15'),#--CAsh
(91,'card','2019-02-14'),
(92,'card','2019-03-12'),
(93,'card','2019-03-18'),
(94,'card','2019-04-22'),
(95,'cash','2019-04-30'),#--Cash
(96,'card','2019-05-14'),
(97,'card','2019-07-22'),
(98,'card','2019-07-17'),
(99,'card','2019-08-24'),
(100,'card','2019-09-25');

INSERT INTO CardPayment(paymentID, cardnum, expirationDate, cvv, cardtype) VALUES
(1,287520949,'2022-02-12',153,'debit'),
(2,268632833,'2022-03-09',175,'credit'),
(3,891127093,'2020-08-07',164,'debit'),
(4,817198528,'2020-05-11',185,'debit'),
(6,836244554,'2021-06-15',179,'credit'),
(7,302182130,'2021-12-22',111,'debit'),
(8,110653186,'2020-11-27',199,'debit'),
(9,796925423,'2022-05-09',156,'credit'),
(11,527692938,'2023-09-08',275,'debit'),
(12,980055170,'2020-04-28',279,'debit'),
(13,897834221,'2021-12-21',222,'credit'),
(14,323457989,'2020-11-09',212,'debit'),
(16,823406900,'2023-11-05',294,'debit'),
(17,276513008,'2022-12-11',274,'credit'),
(18,192814956,'2022-08-29',212,'debit'),
(19,149401480,'2023-04-12',296,'debit'),
(23,348146174,'2022-08-31',313,'debit'),
(24,662234406,'2023-11-04',316,'debit'),
(25,210837078,'2020-03-11',317,'credit'),
(27,441488984,'2022-11-09',329,'debit'),
(28,843530522,'2022-03-22',367,'credit'),
(29,637025991,'2023-03-21',345,'debit'),
(30,430902287,'2020-09-09',399,'debit'),
(31,726977563,'2023-05-17',354,'credit'),
(32,683432910,'2021-01-22',486,'debit'),
(33,627491032,'2022-08-28',483,'debit'),
(35,349394016,'2023-12-17',444,'debit'),
(36,151102760,'2021-02-05',414,'debit'),
(37,607269668,'2020-03-04',423,'credit'),
(38,597483667,'2023-11-09',478,'debit'),
(39,143276173,'2023-02-11',444,'debit'),
(40,884675874,'2021-03-18',576,'credit'),
(41,761607838,'2022-08-19',575,'debit'),
(42,152352206,'2023-05-23',764,'debit'),
(44,725141809,'2021-04-18',576,'debit'),
(45,952934828,'2020-07-05',543,'debit'),
(46,640742950,'2023-03-07',853,'credit'),
(48,935159112,'2021-04-04',831,'debit'),
(49,944264827,'2020-03-08',722,'credit'),
(50,473859372,'2022-09-11',743,'debit'),
(51,641431513,'2022-09-12',642, 'debit'),
(52,549250740,'2029-08-15',542, 'credit'),
(56,758289507,'2020-09-23',643, 'debit'),
(61,017430571,'2029-12-10',562,'debit'),
(63,407190752,'2020-10-19',698, 'debit'),
(64,037401572,'2019-11-07',132,'credit'),
(66,750131422,'2020-12-09',621,'credit'),
(67,740250725,'2020-10-09',625,'debit'),
(68,571473901,'2019-11-12',642,'credit'),
(69,793710514,'2019-11-21',790,'credit'),
(72,807582901,'2020-10-27',525,'credit'),
(74,489137901,'2020-10-12',612,'debit'),
(75,374017341,'2020-09-12',790,'debit'),
(76,645189431,'2021-12-21',798,'credit'),
(77,479017414,'2021-09-20',502,'debit'),
(78,574890142,'2020-09-23',507,'debit'),
(79,789014145,'2019-10-12',921,'debit'),
(81,489701347,'2020-12-19',341,'credit'),
(82,748912471,'2021-08-29',794,'credit'),
(83,109750194,'2020-09-13',598,'debit'),
(84,757492043,'2021-12-21',523,'credit'),
(86,689164931,'2021-08-25',582,'debit'),
(87,594705054,'2020-09-21',542,'credit'),
(88,807431471,'2021-08-25',017,'credit'),
(89,601840183,'2020-09-21',682,'debit'),
(91,719430751,'2020-12-09',690,'credit'),
(92,570174190,'2020-11-21',792,'debit'),
(93,749071341,'2021-07-07',270,'debit'),
(94,470161415,'2023-08-18',740,'credit'),
(96,571905471,'2021-09-12',571,'debit'),
(97,519471051,'2020-11-29',564,'credit'),
(98,489374151,'2021-12-08',768,'debit'),
(99,741074314,'2020-10-09',571,'credit'),
(100,37984175,'2021-10-09',415,'debit');


 
Insert into Cash(paymentID) values
(5),
(10),
(15),
(20),
(21),
(22),
(26),
(34),
(43),
(47),
(53),
(54),
(55),
(57),
(60),
(62),
(65),
(70),
(71),
(73),
(80),
(85),
(90),
(95);

Insert into PhoneOrder(orderID) VALUES
(1),
(2),
(3),
(4),
(6);

 
INSERT into WebOrder(orderID) values
(7),
(8),
(9),
(11),
(12),
(13),
(14),
(16),
(17),
(18),
(19),
(23),
(24),
(25),
(27),
(28),
(29),
(30),
(31);

INSERT INTO OrderDetails(menuType, menuItemName, orderID, quantity) VALUES
('Lunch', 'Ramen', 1, 1),
('Lunch', 'Kung Pao Chicken', 1, 2),
('Lunch', 'Chicken Soup', 1, 1),

('Lunch', 'Cucumber Sandwiches', 2,1),		
('Lunch', 'Tacos', 2,3),

('Lunch', 'Steak Wrap', 3, 1), 				
('Lunch', 'Fried Rice', 3,1),

('Lunch', 'Pad Thai', 4, 1),

('Lunch', 'Spring Roll', 5, 3),		
('Lunch', 'Dumplings', 5, 3),

('Lunch', 'Sweet & Sour Chicken', 6, 2),

('Lunch', 'Tacos', 7, 5),

('Lunch', 'Fried Rice', 8, 1),                        			
('Lunch', 'Chicken Soup', 8, 1), 				
('Lunch', 'Ramen', 8, 1),

('Lunch', 'Pad Thai', 9, 2),
('Lunch', 'Steak Wrap', 9, 1),

('Lunch', 'Dumplings', 10, 5),

('Lunch', 'Steak Wrap', 11, 1),				
('Lunch', 'Fried Rice', 11, 2),                        			
('Lunch', 'Chicken Soup', 11, 2),

('Lunch', 'Sweet & Sour Chicken', 12, 1),
('Lunch', 'Fried Rice', 12, 1),

('Lunch', 'Steak Wrap', 13, 1),

('Lunch', 'Ramen', 14, 2),					
('Lunch', 'Spring Roll', 14, 5),

('Lunch', 'Sweet & Sour Chicken', 15, 1), 		
('Lunch', 'Cucumber Sandwiches', 15, 1),

('Lunch', 'Ramen', 16, 1), 

('Lunch', 'Tacos', 17, 6), 

('Lunch', 'Dumplings', 18, 1),
('Lunch', 'Kung Pao Chicken', 18, 1),		
('Lunch', 'Sweet & Sour Chicken', 18, 1),	
('Lunch', 'Cucumber Sandwiches', 18, 1),

('Lunch', 'Chicken Soup', 19, 1),

('Lunch', 'Dumplings', 20, 4),
('Lunch', 'Kung Pao Chicken', 20, 4),		
('Lunch', 'Sweet & Sour Chicken', 20, 3),

('Lunch', 'Steak Wrap', 21, 1), 

('Lunch', 'Cucumber Sandwiches', 22, 1), 		
('Lunch', 'Tacos', 	22, 1),					
('Lunch', 'Pad Thai', 22, 1), 

('Lunch', 'Chicken Soup', 23, 1), 

('Lunch', 'Spring Roll', 24, 10), 

('Lunch', 'Cucumber Sandwiches', 25, 2), 

#--- Start of Evening 
('Evening', 'Pork Skewers', 26, 1), 			
('Evening', 'Pad Thai', 26, 1), 

('Evening', 'Bacon Brussel Sprouts', 27, 1),

('Evening', 'Salmon Curry', 28, 1), 	
('Evening', 'Steak Wrap', 28, 1), 

('Evening', 'Kung Pao Chicken', 27, 2), 

('Evening', 'Chicken Wings', 28, 4),  			
('Evening', 'Scallop Fries', 28, 1), 

('Evening', 'Pad Thai', 29, 1), 

('Evening', 'Salmon Curry', 30, 2), 

('Evening', 'Spaghetti Bolognese', 31, 2), 		
('Evening', 'Chicken Wings', 31, 1),			
('Evening', 'Scallop Fries', 31, 3), 			
('Evening', 'Kung Pao Chicken', 31, 2), 

('Evening', 'Steak Wrap', 32, 1), 			
('Evening', 'Bacon Brussel Sprouts', 32, 1), 

('Evening', 'Steak Wrap', 33, 1),			
('Evening', 'Bacon Brussel Sprouts', 33,1),             
('Evening', 'Spaghetti Bolognese', 33,1),		
('Evening', 'Chicken Wings', 33,1),			
('Evening', 'Scallop Fries', 33,1),			
('Evening', 'Kung Pao Chicken',	33,1), 	
('Evening', 'Pork Skewers', 33,2), 

('Evening', 'Pork Skewers', 34, 1), 			
('Evening', 'Pad Thai', 34, 1), 

('Evening', 'Spaghetti Bolognese', 35, 1), 		
('Evening', 'Chicken Wings', 35, 2),		
('Evening', 'Scallop Fries', 35, 1),

('Evening', 'Salmon Curry', 36, 1),  		
('Evening', 'Steak Wrap', 36, 1), 

('Evening', 'Spaghetti Bolognese', 37, 1),  		
('Evening', 'Chicken Wings', 37, 2),			
('Evening', 'Scallop Fries', 37, 3),			
('Evening', 'Kung Pao Chicken',	37, 1),	
('Evening', 'Pork Skewers', 37, 1),

('Evening', 'Salmon Curry', 38, 1), 		
('Evening', 'Steak Wrap', 38, 2), 			
('Evening', 'Bacon Brussel Sprouts', 38, 1), 

('Evening', 'Chicken Wings', 39, 1), 			
('Evening', 'Scallop Fries', 39, 1),

('Evening', 'Bacon Brussel Sprouts', 40, 1),            
('Evening', 'Spaghetti Bolognese', 40, 2),

('Evening', 'Salmon Curry', 41, 2), 		
('Evening', 'Steak Wrap', 41, 3),  

('Evening', 'Chicken Wings', 42, 2), 			
('Evening', 'Scallop Fries', 42, 3),			
('Evening', 'Kung Pao Chicken', 42, 3),

('Evening', 'Pork Skewers', 43, 1),			
('Evening', 'Pad Thai', 43, 1),

('Evening', 'Salmon Curry', 44, 3), 		
('Evening', 'Steak Wrap', 44, 2),

('Evening', 'Pad Thai', 45, 10), 

('Evening', 'Chicken Wings', 46, 5), 

('Evening', 'Bacon Brussel Sprouts', 47, 3),             
('Evening', 'Spaghetti Bolognese', 47, 2),

('Evening', 'Scallop Fries', 48, 2),			
('Evening', 'Kung Pao Chicken', 48, 2),

('Evening', 'Kung Pao Chicken', 49, 1),		
('Evening', 'Pork Skewers', 49, 2),			
('Evening', 'Pad Thai', 49, 3), 

('Evening', 'Spaghetti Bolognese', 50, 1), 		
('Evening', 'Chicken Wings', 50, 3),			
('Evening', 'Scallop Fries', 50, 3), 

#-----Sunday Brunch Start ---------------------------

('Sunday Brunch Buffet', 'Scallop Fries', 51, 2), 		
('Sunday Brunch Buffet', 'Bacon Brussel Sprouts', 51, 3), 		
('Sunday Brunch Buffet', 'Salmon Curry', 51, 4),

('Sunday Brunch Buffet', 'Chicken Wings', 52, 11), 				
('Sunday Brunch Buffet', 'Steak Wrap', 	52, 11), 

('Sunday Brunch Buffet', 'Sweet & Sour Chicken', 53, 2), 		
('Sunday Brunch Buffet', 'Cucumber Sandwiches', 53, 1),

('Sunday Brunch Buffet', 'Chicken Wings', 54, 2), 				
('Sunday Brunch Buffet', 'Steak Wrap', 54, 1),					
('Sunday Brunch Buffet', 'Tacos', 54, 12),

('Sunday Brunch Buffet', 'Cucumber Sandwiches', 55, 2),

('Sunday Brunch Buffet', 'Bacon Brussel Sprouts', 56, 4), 		
('Sunday Brunch Buffet', 'Salmon Curry', 56, 11), 

('Sunday Brunch Buffet', 'Chicken Wings', 57, 7), 				
('Sunday Brunch Buffet', 'Steak Wrap', 57, 2), 

('Sunday Brunch Buffet', 'Scallop Fries', 58, 1),		
('Sunday Brunch Buffet', 'Bacon Brussel Sprouts', 58, 4), 		
('Sunday Brunch Buffet', 'Salmon Curry', 58, 4),				
('Sunday Brunch Buffet', 'Pad Thai', 58, 3),				
('Sunday Brunch Buffet', 'Spaghetti Bolognese', 58, 1), 		
('Sunday Brunch Buffet', 'Chicken Wings', 58, 2),				
('Sunday Brunch Buffet', 'Steak Wrap', 58, 1),

('Sunday Brunch Buffet', 'Salmon Curry', 59, 2),				
('Sunday Brunch Buffet', 'Pad Thai', 59, 1),				
('Sunday Brunch Buffet', 'Spaghetti Bolognese', 59, 2), 		
('Sunday Brunch Buffet', 'Chicken Wings', 59, 3),

('Sunday Brunch Buffet', 'Scallop Fries', 60, 1),		
('Sunday Brunch Buffet', 'Bacon Brussel Sprouts', 60, 3),

('Sunday Brunch Buffet', 'Chicken Wings', 61, 2), 				
('Sunday Brunch Buffet', 'Steak Wrap', 	61, 3),
('Sunday Brunch Buffet', 'Scallop Fries', 61, 2), 

('Sunday Brunch Buffet', 'Salmon Curry', 62, 4), 				
('Sunday Brunch Buffet', 'Pad Thai', 62, 10), 

('Sunday Brunch Buffet', 'Tacos', 63, 1),					
('Sunday Brunch Buffet', 'Sweet & Sour Chicken', 63, 2), 

('Sunday Brunch Buffet', 'Pad Thai', 64, 3),  				
('Sunday Brunch Buffet', 'Spaghetti Bolognese', 64, 1),

('Sunday Brunch Buffet', 'Tacos', 65, 5),					
('Sunday Brunch Buffet', 'Sweet & Sour Chicken', 65, 1), 

('Sunday Brunch Buffet', 'Salmon Curry', 66, 2),
('Sunday Brunch Buffet', 'Scallop Fries', 66, 4), 

('Sunday Brunch Buffet', 'Chicken Wings', 67, 3), 				
('Sunday Brunch Buffet', 'Steak Wrap', 67, 1), 

('Sunday Brunch Buffet', 'Bacon Brussel Sprouts', 68, 2), 		
('Sunday Brunch Buffet', 'Salmon Curry', 68, 6),				
('Sunday Brunch Buffet', 'Pad Thai', 68, 11), 				
('Sunday Brunch Buffet', 'Spaghetti Bolognese', 68, 7),

('Sunday Brunch Buffet', 'Steak Wrap', 69, 1), 					
('Sunday Brunch Buffet', 'Tacos', 69, 2), 

('Sunday Brunch Buffet', 'Spaghetti Bolognese', 70, 2), 		
('Sunday Brunch Buffet', 'Chicken Wings', 70, 4),

#------------------------Children 

('Children', 'Pad Thai', 71, 3), 		
('Children', 'Tacos', 71, 3), 

('Children',  'Pork Shoulder Steaks', 72, 2), 
('Children', 'Bacon-wrapped pig wings', 72, 1), 

('Children', 'Spring roll',73, 1), 

('Children', 'Scallop Fries', 74, 1), 			
('Children', 'Pad Thai', 74, 3),
('Children', 'Tacos', 74, 3), 

('Children', 'Ramen', 75, 1),
('Children', 'Sweet and sour pork', 75, 3), 

('Children', 'Sweet and sour pork', 76, 1), 
('Children',  'Pork Shoulder Steaks', 76, 1),
('Children', 'Bacon-wrapped pig wings', 76, 1),
('Children', 'Spring roll', 76, 1), 

('Children', 'Tacos', 77, 1),					
('Children', 'Fried Rice', 77, 2), 
('Children', 'Ramen', 77, 1), 

('Children', 'Pad Thai', 78, 1), 

('Children', 'Sweet and sour pork', 79, 3), 
('Children',  'Pork Shoulder Steaks', 79, 1), 

('Children', 'Scallop Fries', 80, 3), 		
('Children', 'Pad Thai', 80, 1), 

('Children', 'Bacon-wrapped pig wings', 81, 2), 
('Children', 'Spring roll', 81, 1), 

('Children', 'Tacos', 82, 1),					
('Children', 'Fried Rice', 82, 1), 

('Children', 'Scallop Fries', 83, 5), 

('Children', 'Tacos', 84, 2), 

('Children', 'Fried Rice', 85, 1),  	
('Children', 'Ramen', 85, 2), 

('Children', 'Bacon-wrapped pig wings', 86, 3), 

('Children', 'Sweet and sour pork', 87, 3),
('Children',  'Pork Shoulder Steaks', 87, 1), 

('Children', 'Tacos', 88, 1), 

('Children', 'Scallop Fries', 89, 3), 			
('Children', 'Pad Thai', 89, 1), 

('Children', 'Fried Rice', 90, 1),  	
('Children', 'Ramen', 90, 1), 

('Children',  'Pork Shoulder Steaks', 91, 1), 

('Children', 'Pad Thai', 92, 3),  		
('Children', 'Tacos', 92, 1), 

('Children', 'Scallop Fries', 93, 1), 

('Children',  'Pork Shoulder Steaks', 94, 2), 
('Children', 'Bacon-wrapped pig wings', 94, 1), 

('Children', 'Scallop Fries', 95, 1),  			
('Children', 'Pad Thai', 95, 1), 

('Children', 'Ramen', 96, 1), 

('Children', 'Ramen', 97, 1),
('Children', 'Sweet and sour pork', 97, 9),

('Children', 'Tacos', 98, 1), 					
('Children', 'Fried Rice', 98, 2), 

('Children', 'Sweet and sour pork', 99, 1), 
('Children',  'Pork Shoulder Steaks', 99, 1), 

('Children', 'Tacos', 	100, 22);

INSERT INTO ShiftDetails(shiftType, startTime, endTime) VALUES 
('Morning', '08:00:00', '15:59:59'), -- 8am to 3:59pm
('Evening', '16:00:00', '24:00:00'); -- 4pm to 12am(midnight)

INSERT INTO WorkShift(shiftType, dateOfShift, busyness) VALUES
('Morning', '2017-08-01', 'Low'),
('Evening', '2017-08-01', 'Medium'),
('Morning', '2017-08-03', 'Medium'),
('Evening', '2017-08-03', 'Medium'),
('Morning', '2017-08-05', 'High'),
('Evening', '2017-08-05', 'Low'),
('Morning', '2017-08-06', 'Low'),
('Evening', '2017-08-06', 'Medium'),
('Morning', '2017-08-09', 'Low'),
('Evening', '2017-08-09', 'Medium'),
('Morning', '2017-08-12', 'Low'),
('Evening', '2017-08-12', 'Low'),
('Morning', '2017-08-13', 'High'),
('Evening', '2017-08-13', 'Low'),
('Morning', '2017-08-17', 'Low'),
('Evening', '2017-08-17', 'Low'),
('Morning', '2017-08-19', 'Low'),
('Evening', '2017-08-19', 'Low'),
('Morning', '2017-08-20', 'Medium'),
('Evening', '2017-08-20', 'Medium'),
('Morning', '2017-08-27', 'High'),
('Evening', '2017-08-27', 'High'),
('Morning', '2017-08-28', 'Low'),
('Evening', '2017-08-28', 'Low'),
('Morning', '2017-08-29', 'High'),
('Evening', '2017-08-29', 'High'),
('Morning', '2017-08-30', 'High'),
('Evening', '2017-08-30', 'High'),
('Morning', '2017-09-04', 'Low'),
('Evening', '2017-09-04', 'High'),
('Morning', '2017-09-06', 'Low'),
('Evening', '2017-09-06', 'Low'),
('Morning', '2017-09-07', 'Low'),
('Evening', '2017-09-07', 'High'),
('Morning', '2017-09-09', 'High'),
('Evening', '2017-09-09', 'Low'),
('Morning', '2017-09-10', 'Low'),
('Evening', '2017-09-10', 'Medium'),
('Morning', '2017-09-11', 'High'),
('Evening', '2017-09-11', 'Low'),
('Morning', '2017-09-13', 'High'),
('Evening', '2017-09-13', 'Medium'),
('Morning', '2017-09-14', 'Medium'),
('Evening', '2017-09-14', 'High'),
('Morning', '2017-09-16', 'Low'),
('Evening', '2017-09-16', 'Low'),
('Morning', '2017-09-17', 'Medium'),
('Evening', '2017-09-17', 'High'),
('Morning', '2017-09-21', 'Medium'),
('Evening', '2017-09-21', 'Low'),
('Morning', '2017-09-22', 'High'),
('Evening', '2017-09-22', 'Medium'),
('Morning', '2017-09-23', 'Low'),
('Evening', '2017-09-23', 'Medium'),
('Morning', '2017-09-24', 'Low'),
('Evening', '2017-09-24', 'Medium'),
('Morning', '2017-09-26', 'Low'),
('Evening', '2017-09-26', 'Medium'),
('Morning', '2017-09-27', 'Medium'),
('Evening', '2017-09-27', 'Low'),
('Morning', '2017-09-28', 'Medium'),
('Evening', '2017-09-28', 'Low'),
('Morning', '2017-09-29', 'Low'),
('Evening', '2017-09-29', 'Medium'),
('Morning', '2017-09-30', 'Low'),
('Evening', '2017-09-30', 'High'),
('Morning', '2017-10-06', 'High'),
('Evening', '2017-10-06', 'High'),
('Morning', '2017-10-07', 'Low'),
('Evening', '2017-10-07', 'High'),
('Morning', '2017-10-08', 'Medium'),
('Evening', '2017-10-08', 'Medium'),
('Morning', '2017-10-09', 'Low'),
('Evening', '2017-10-09', 'High'),
('Morning', '2017-10-14', 'High'),
('Evening', '2017-10-14', 'Low'),
('Morning', '2017-10-15', 'Medium'),
('Evening', '2017-10-15', 'High'),
('Morning', '2017-10-17', 'Low'),
('Evening', '2017-10-17', 'High'),
('Morning', '2017-10-20', 'Medium'),
('Evening', '2017-10-20', 'Medium'),
('Morning', '2017-10-21', 'Medium'),
('Evening', '2017-10-21', 'High'),
('Morning', '2017-10-22', 'Medium'),
('Evening', '2017-10-22', 'High'),
('Morning', '2017-10-25', 'Low'),
('Evening', '2017-10-25', 'High'),
('Morning', '2017-10-31', 'High'),
('Evening', '2017-10-31', 'Medium'),
('Morning', '2017-11-01', 'Medium'),
('Evening', '2017-11-01', 'Low'),
('Morning', '2017-11-05', 'Medium'),
('Evening', '2017-11-05', 'High'),
('Morning', '2017-11-07', 'High'),
('Evening', '2017-11-07', 'Low'),
('Morning', '2017-11-08', 'Medium'),
('Evening', '2017-11-08', 'Medium'),
('Morning', '2017-11-09', 'Medium'),
('Evening', '2017-11-09', 'Low'),
('Morning', '2017-11-10', 'Low'),
('Evening', '2017-11-10', 'Medium'),
('Morning', '2017-11-11', 'High'),
('Evening', '2017-11-11', 'High'),
('Morning', '2017-11-12', 'High'),
('Evening', '2017-11-12', 'Low'),
('Morning', '2017-11-13', 'Low'),
('Evening', '2017-11-13', 'High'),
('Morning', '2017-11-14', 'High'),
('Evening', '2017-11-14', 'High'),
('Morning', '2017-11-16', 'Medium'),
('Evening', '2017-11-16', 'Medium'),
('Morning', '2017-11-18', 'High'),
('Evening', '2017-11-18', 'High'),
('Morning', '2017-11-21', 'High'),
('Evening', '2017-11-21', 'Low'),
('Morning', '2017-11-22', 'Low'),
('Evening', '2017-11-22', 'Low'),
('Morning', '2017-11-23', 'Low'),
('Evening', '2017-11-23', 'Low'),
('Morning', '2017-11-27', 'Medium'),
('Evening', '2017-11-27', 'Low'),
('Morning', '2017-11-28', 'High'),
('Evening', '2017-11-28', 'Low'),
('Morning', '2017-11-29', 'Low'),
('Evening', '2017-11-29', 'High'),
('Morning', '2017-12-01', 'Low'),
('Evening', '2017-12-01', 'Low'),
('Morning', '2017-12-02', 'Low'),
('Evening', '2017-12-02', 'Low'),
('Morning', '2017-12-03', 'Medium'),
('Evening', '2017-12-03', 'High'),
('Morning', '2017-12-06', 'High'),
('Evening', '2017-12-06', 'Low'),
('Morning', '2017-12-07', 'Low'),
('Evening', '2017-12-07', 'High'),
('Morning', '2017-12-09', 'High'),
('Evening', '2017-12-09', 'High'),
('Morning', '2017-12-10', 'Medium'),
('Evening', '2017-12-10', 'High'),
('Morning', '2017-12-11', 'High'),
('Evening', '2017-12-11', 'Medium'),
('Morning', '2017-12-12', 'Low'),
('Evening', '2017-12-12', 'High'),
('Morning', '2017-12-13', 'Medium'),
('Evening', '2017-12-13', 'Low'),
('Morning', '2017-12-16', 'High'),
('Evening', '2017-12-16', 'Medium'),
('Morning', '2017-12-17', 'Medium'),
('Evening', '2017-12-17', 'Low'),
('Morning', '2017-12-20', 'Medium'),
('Evening', '2017-12-20', 'Medium'),
('Morning', '2017-12-24', 'Medium'),
('Evening', '2017-12-24', 'Low'),
('Morning', '2017-12-26', 'High'),
('Evening', '2017-12-26', 'Low'),
('Morning', '2017-12-28', 'Low'),
('Evening', '2017-12-28', 'High'),
('Morning', '2017-12-30', 'Medium'),
('Evening', '2017-12-30', 'High'),
('Morning', '2018-01-01', 'Low'),
('Evening', '2018-01-01', 'Low'),
('Morning', '2018-01-02', 'Low'),
('Evening', '2018-01-02', 'High'),
('Morning', '2018-01-07', 'Medium'),
('Evening', '2018-01-07', 'Medium'),
('Morning', '2018-01-09', 'Low'),
('Evening', '2018-01-09', 'Low'),
('Morning', '2018-01-10', 'High'),
('Evening', '2018-01-10', 'Low'),
('Morning', '2018-01-11', 'High'),
('Evening', '2018-01-11', 'Medium'),
('Morning', '2018-01-14', 'Low'),
('Evening', '2018-01-14', 'Medium'),
('Morning', '2018-01-18', 'Medium'),
('Evening', '2018-01-18', 'High'),
('Morning', '2018-01-19', 'Medium'),
('Evening', '2018-01-19', 'Medium'),
('Morning', '2018-01-20', 'High'),
('Evening', '2018-01-20', 'Low'),
('Morning', '2018-01-21', 'High'),
('Evening', '2018-01-21', 'High'),
('Morning', '2018-01-23', 'High'),
('Evening', '2018-01-23', 'Medium'),
('Morning', '2018-01-26', 'Low'),
('Evening', '2018-01-26', 'High'),
('Morning', '2018-01-28', 'Low'),
('Evening', '2018-01-28', 'Low'),
('Morning', '2018-02-01', 'High'),
('Evening', '2018-02-01', 'High'),
('Morning', '2018-02-02', 'Low'),
('Evening', '2018-02-02', 'Medium'),
('Morning', '2018-02-03', 'Medium'),
('Evening', '2018-02-03', 'Low'),
('Morning', '2018-02-04', 'High'),
('Evening', '2018-02-04', 'Low'),
('Morning', '2018-02-05', 'Low'),
('Evening', '2018-02-05', 'Medium'),
('Morning', '2018-02-07', 'Medium'),
('Evening', '2018-02-07', 'High'),
('Morning', '2018-02-08', 'Medium'),
('Evening', '2018-02-08', 'Low'),
('Morning', '2018-02-11', 'Medium'),
('Evening', '2018-02-11', 'High'),
('Morning', '2018-02-13', 'Medium'),
('Evening', '2018-02-13', 'Low'),
('Morning', '2018-02-14', 'Medium'),
('Evening', '2018-02-14', 'Medium'),
('Morning', '2018-02-15', 'High'),
('Evening', '2018-02-15', 'High'),
('Morning', '2018-02-21', 'High'),
('Evening', '2018-02-21', 'High'),
('Morning', '2018-02-23', 'Medium'),
('Evening', '2018-02-23', 'Low'),
('Morning', '2018-02-24', 'Low'),
('Evening', '2018-02-24', 'Medium'),
('Morning', '2018-02-25', 'High'),
('Evening', '2018-02-25', 'Low'),
('Morning', '2018-02-28', 'Medium'),
('Evening', '2018-02-28', 'High'),
('Morning', '2018-03-03', 'Low'),
('Evening', '2018-03-03', 'Low'),
('Morning', '2018-03-04', 'Low'),
('Evening', '2018-03-04', 'Low'),
('Morning', '2018-03-05', 'High'),
('Evening', '2018-03-05', 'High'),
('Morning', '2018-03-06', 'High'),
('Evening', '2018-03-06', 'High'),
('Morning', '2018-03-07', 'High'),
('Evening', '2018-03-07', 'High'),
('Morning', '2018-03-08', 'Low'),
('Evening', '2018-03-08', 'Medium'),
('Morning', '2018-03-12', 'High'),
('Evening', '2018-03-12', 'Low'),
('Morning', '2018-03-13', 'High'),
('Evening', '2018-03-13', 'Medium'),
('Morning', '2018-03-14', 'Low'),
('Evening', '2018-03-14', 'Low'),
('Morning', '2018-03-17', 'High'),
('Evening', '2018-03-17', 'Medium'),
('Morning', '2018-03-18', 'High'),
('Evening', '2018-03-18', 'Low'),
('Morning', '2018-03-19', 'Medium'),
('Evening', '2018-03-19', 'Medium'),
('Morning', '2018-03-21', 'High'),
('Evening', '2018-03-21', 'Medium'),
('Morning', '2018-03-23', 'High'),
('Evening', '2018-03-23', 'Medium'),
('Morning', '2018-03-24', 'Medium'),
('Evening', '2018-03-24', 'Low'),
('Morning', '2018-03-25', 'Medium'),
('Evening', '2018-03-25', 'Medium'),
('Morning', '2018-03-30', 'High'),
('Evening', '2018-03-30', 'Low'),
('Morning', '2018-03-31', 'High'),
('Evening', '2018-03-31', 'Low'),
('Morning', '2018-04-01', 'High'),
('Evening', '2018-04-01', 'Low'),
('Morning', '2018-04-02', 'Low'),
('Evening', '2018-04-02', 'Low'),
('Morning', '2018-04-03', 'High'),
('Evening', '2018-04-03', 'Low'),
('Morning', '2018-04-05', 'Medium'),
('Evening', '2018-04-05', 'High'),
('Morning', '2018-04-07', 'Medium'),
('Evening', '2018-04-07', 'Low'),
('Morning', '2018-04-11', 'High'),
('Evening', '2018-04-11', 'High'),
('Morning', '2018-04-13', 'Low'),
('Evening', '2018-04-13', 'Low'),
('Morning', '2018-04-16', 'High'),
('Evening', '2018-04-16', 'Medium'),
('Morning', '2018-04-17', 'High'),
('Evening', '2018-04-17', 'Low'),
('Morning', '2018-04-18', 'Medium'),
('Evening', '2018-04-18', 'Medium'),
('Morning', '2018-04-20', 'Medium'),
('Evening', '2018-04-20', 'Medium'),
('Morning', '2018-04-22', 'Medium'),
('Evening', '2018-04-22', 'High'),
('Morning', '2018-04-23', 'Medium'),
('Evening', '2018-04-23', 'Low'),
('Morning', '2018-04-24', 'High'),
('Evening', '2018-04-24', 'Medium'),
('Morning', '2018-04-25', 'Low'),
('Evening', '2018-04-25', 'Low'),
('Morning', '2018-04-26', 'High'),
('Evening', '2018-04-26', 'High'),
('Morning', '2018-04-29', 'High'),
('Evening', '2018-04-29', 'High'),
('Morning', '2018-04-30', 'High'),
('Evening', '2018-04-30', 'High'),
('Morning', '2018-05-03', 'Low'),
('Evening', '2018-05-03', 'Medium'),
('Morning', '2018-05-05', 'High'),
('Evening', '2018-05-05', 'Medium'),
('Morning', '2018-05-08', 'Low'),
('Evening', '2018-05-08', 'Medium'),
('Morning', '2018-05-11', 'High'),
('Evening', '2018-05-11', 'Medium'),
('Morning', '2018-05-13', 'High'),
('Evening', '2018-05-13', 'Low'),
('Morning', '2018-05-14', 'Medium'),
('Evening', '2018-05-14', 'Low'),
('Morning', '2018-05-17', 'Low'),
('Evening', '2018-05-17', 'High'),
('Morning', '2018-05-18', 'Medium'),
('Evening', '2018-05-18', 'Low'),
('Morning', '2018-05-26', 'Low'),
('Evening', '2018-05-26', 'Medium'),
('Morning', '2018-05-28', 'High'),
('Evening', '2018-05-28', 'Medium'),
('Morning', '2018-06-02', 'High'),
('Evening', '2018-06-02', 'Low'),
('Morning', '2018-06-03', 'Medium'),
('Evening', '2018-06-03', 'High'),
('Morning', '2018-06-04', 'Low'),
('Evening', '2018-06-04', 'High'),
('Morning', '2018-06-09', 'Medium'),
('Evening', '2018-06-09', 'High'),
('Morning', '2018-06-13', 'Low'),
('Evening', '2018-06-13', 'Medium'),
('Morning', '2018-06-14', 'Medium'),
('Evening', '2018-06-14', 'High'),
('Morning', '2018-06-21', 'High'),
('Evening', '2018-06-21', 'Low'),
('Morning', '2018-06-24', 'Medium'),
('Evening', '2018-06-24', 'High'),
('Morning', '2018-06-28', 'High'),
('Evening', '2018-06-28', 'High'),
('Morning', '2018-06-30', 'Low'),
('Evening', '2018-06-30', 'Medium'),
('Morning', '2018-07-02', 'Medium'),
('Evening', '2018-07-02', 'High'),
('Morning', '2018-07-04', 'Medium'),
('Evening', '2018-07-04', 'Medium'),
('Morning', '2018-07-05', 'Low'),
('Evening', '2018-07-05', 'High'),
('Morning', '2018-07-06', 'Low'),
('Evening', '2018-07-06', 'Medium'),
('Morning', '2018-07-07', 'High'),
('Evening', '2018-07-07', 'High'),
('Morning', '2018-07-08', 'High'),
('Evening', '2018-07-08', 'High'),
('Morning', '2018-07-09', 'High'),
('Evening', '2018-07-09', 'Medium'),
('Morning', '2018-07-10', 'High'),
('Evening', '2018-07-10', 'Low'),
('Morning', '2018-07-11', 'Low'),
('Evening', '2018-07-11', 'Low'),
('Morning', '2018-07-12', 'Medium'),
('Evening', '2018-07-12', 'Medium'),
('Morning', '2018-07-15', 'Medium'),
('Evening', '2018-07-15', 'High'),
('Morning', '2018-07-16', 'Low'),
('Evening', '2018-07-16', 'Low'),
('Morning', '2018-07-17', 'High'),
('Evening', '2018-07-17', 'High'),
('Morning', '2018-07-18', 'Medium'),
('Evening', '2018-07-18', 'High'),
('Morning', '2018-07-19', 'Medium'),
('Evening', '2018-07-19', 'High'),
('Morning', '2018-07-20', 'Medium'),
('Evening', '2018-07-20', 'High'),
('Morning', '2018-07-24', 'Medium'),
('Evening', '2018-07-24', 'Medium'),
('Morning', '2018-07-27', 'High'),
('Evening', '2018-07-27', 'Low'),
('Morning', '2018-07-28', 'High'),
('Evening', '2018-07-28', 'Medium'),
('Morning', '2018-07-29', 'Low'),
('Evening', '2018-07-29', 'Medium'),
('Morning', '2018-07-31', 'High'),
('Evening', '2018-07-31', 'Low'),
('Morning', '2018-08-03', 'High'),
('Evening', '2018-08-03', 'Low'),
('Morning', '2018-08-08', 'High'),
('Evening', '2018-08-08', 'High'),
('Morning', '2018-08-09', 'Low'),
('Evening', '2018-08-09', 'Medium'),
('Morning', '2018-08-12', 'Low'),
('Evening', '2018-08-12', 'Low'),
('Morning', '2018-08-13', 'Low'),
('Evening', '2018-08-13', 'Low'),
('Morning', '2018-08-16', 'High'),
('Evening', '2018-08-16', 'Medium'),
('Morning', '2018-08-18', 'Medium'),
('Evening', '2018-08-18', 'High'),
('Morning', '2018-08-20', 'Low'),
('Evening', '2018-08-20', 'Low'),
('Morning', '2018-08-21', 'Medium'),
('Evening', '2018-08-21', 'Medium'),
('Morning', '2018-08-22', 'Low'),
('Evening', '2018-08-22', 'High'),
('Morning', '2018-08-24', 'Low'),
('Evening', '2018-08-24', 'Medium'),
('Morning', '2018-08-26', 'High'),
('Evening', '2018-08-26', 'High'),
('Morning', '2018-08-27', 'High'),
('Evening', '2018-08-27', 'High'),
('Morning', '2018-08-29', 'High'),
('Evening', '2018-08-29', 'High'),
('Morning', '2018-08-30', 'High'),
('Evening', '2018-08-30', 'Medium'),
('Morning', '2018-09-01', 'High'),
('Evening', '2018-09-01', 'Low'),
('Morning', '2018-09-03', 'Medium'),
('Evening', '2018-09-03', 'High'),
('Morning', '2018-09-05', 'High'),
('Evening', '2018-09-05', 'Medium'),
('Morning', '2018-09-08', 'Low'),
('Evening', '2018-09-08', 'Medium'),
('Morning', '2018-09-10', 'High'),
('Evening', '2018-09-10', 'Medium'),
('Morning', '2018-09-12', 'Medium'),
('Evening', '2018-09-12', 'High'),
('Morning', '2018-09-13', 'High'),
('Evening', '2018-09-13', 'Medium'),
('Morning', '2018-09-15', 'Low'),
('Evening', '2018-09-15', 'Low'),
('Morning', '2018-09-21', 'High'),
('Evening', '2018-09-21', 'High'),
('Morning', '2018-09-22', 'High'),
('Evening', '2018-09-22', 'Low'),
('Morning', '2018-09-25', 'Low'),
('Evening', '2018-09-25', 'High'),
('Morning', '2018-09-26', 'Low'),
('Evening', '2018-09-26', 'Medium'),
('Morning', '2018-09-27', 'High'),
('Evening', '2018-09-27', 'Medium'),
('Morning', '2018-09-29', 'Medium'),
('Evening', '2018-09-29', 'Medium'),
('Morning', '2018-09-30', 'Medium'),
('Evening', '2018-09-30', 'Low'),
('Morning', '2018-10-02', 'Medium'),
('Evening', '2018-10-02', 'High'),
('Morning', '2018-10-03', 'High'),
('Evening', '2018-10-03', 'High'),
('Morning', '2018-10-06', 'Low'),
('Evening', '2018-10-06', 'Medium'),
('Morning', '2018-10-07', 'Low'),
('Evening', '2018-10-07', 'High'),
('Morning', '2018-10-08', 'High'),
('Evening', '2018-10-08', 'High'),
('Morning', '2018-10-09', 'High'),
('Evening', '2018-10-09', 'Low'),
('Morning', '2018-10-10', 'High'),
('Evening', '2018-10-10', 'Medium'),
('Morning', '2018-10-11', 'High'),
('Evening', '2018-10-11', 'Medium'),
('Morning', '2018-10-12', 'Low'),
('Evening', '2018-10-12', 'High'),
('Morning', '2018-10-15', 'Medium'),
('Evening', '2018-10-15', 'Low'),
('Morning', '2018-10-20', 'Low'),
('Evening', '2018-10-20', 'Low'),
('Morning', '2018-10-21', 'High'),
('Evening', '2018-10-21', 'High'),
('Morning', '2018-10-22', 'Medium'),
('Evening', '2018-10-22', 'Low'),
('Morning', '2018-10-23', 'High'),
('Evening', '2018-10-23', 'Low'),
('Morning', '2018-10-24', 'High'),
('Evening', '2018-10-24', 'High'),
('Morning', '2018-10-25', 'High'),
('Evening', '2018-10-25', 'Low'),
('Morning', '2018-10-26', 'Medium'),
('Evening', '2018-10-26', 'Low'),
('Morning', '2018-10-27', 'Medium'),
('Evening', '2018-10-27', 'High'),
('Morning', '2018-10-28', 'Medium'),
('Evening', '2018-10-28', 'High'),
('Morning', '2018-10-29', 'Low'),
('Evening', '2018-10-29', 'Medium'),
('Morning', '2018-10-31', 'Medium'),
('Evening', '2018-10-31', 'High'),
('Morning', '2018-11-01', 'Medium'),
('Evening', '2018-11-01', 'High'),
('Morning', '2018-11-04', 'Low'),
('Evening', '2018-11-04', 'Low'),
('Morning', '2018-11-07', 'High'),
('Evening', '2018-11-07', 'Low'),
('Morning', '2018-11-08', 'High'),
('Evening', '2018-11-08', 'High'),
('Morning', '2018-11-10', 'Medium'),
('Evening', '2018-11-10', 'Low'),
('Morning', '2018-11-11', 'Low'),
('Evening', '2018-11-11', 'High'),
('Morning', '2018-11-17', 'High'),
('Evening', '2018-11-17', 'High'),
('Morning', '2018-11-18', 'Low'),
('Evening', '2018-11-18', 'Medium'),
('Morning', '2018-11-20', 'High'),
('Evening', '2018-11-20', 'High'),
('Morning', '2018-11-21', 'High'),
('Evening', '2018-11-21', 'High'),
('Morning', '2018-11-24', 'Medium'),
('Evening', '2018-11-24', 'Low'),
('Morning', '2018-11-25', 'High'),
('Evening', '2018-11-25', 'High'),
('Morning', '2018-11-27', 'High'),
('Evening', '2018-11-27', 'High'),
('Morning', '2018-11-29', 'Low'),
('Evening', '2018-11-29', 'Low'),
('Morning', '2018-11-30', 'High'),
('Evening', '2018-11-30', 'High'),
('Morning', '2018-12-01', 'Low'),
('Evening', '2018-12-01', 'Low'),
('Morning', '2018-12-05', 'Medium'),
('Evening', '2018-12-05', 'High'),
('Morning', '2018-12-07', 'High'),
('Evening', '2018-12-07', 'High'),
('Morning', '2018-12-12', 'Low'),
('Evening', '2018-12-12', 'High'),
('Morning', '2018-12-16', 'Low'),
('Evening', '2018-12-16', 'High'),
('Morning', '2018-12-18', 'Medium'),
('Evening', '2018-12-18', 'Medium'),
('Morning', '2018-12-22', 'Low'),
('Evening', '2018-12-22', 'Low'),
('Morning', '2018-12-23', 'Low'),
('Evening', '2018-12-23', 'Medium'),
('Morning', '2018-12-25', 'Low'),
('Evening', '2018-12-25', 'High'),
('Morning', '2018-12-31', 'Low'),
('Evening', '2018-12-31', 'Low'),
('Morning', '2019-01-07', 'Low'),
('Evening', '2019-01-07', 'High'),
('Morning', '2019-01-10', 'Low'),
('Evening', '2019-01-10', 'Low'),
('Morning', '2019-01-11', 'High'),
('Evening', '2019-01-11', 'Low'),
('Morning', '2019-01-12', 'High'),
('Evening', '2019-01-12', 'Low'),
('Morning', '2019-01-13', 'High'),
('Evening', '2019-01-13', 'Low'),
('Morning', '2019-01-18', 'Medium'),
('Evening', '2019-01-18', 'Low'),
('Morning', '2019-01-19', 'Low'),
('Evening', '2019-01-19', 'High'),
('Morning', '2019-01-20', 'High'),
('Evening', '2019-01-20', 'Medium'),
('Morning', '2019-01-22', 'Low'),
('Evening', '2019-01-22', 'Low'),
('Morning', '2019-01-23', 'High'),
('Evening', '2019-01-23', 'Low'),
('Morning', '2019-01-26', 'High'),
('Evening', '2019-01-26', 'Medium'),
('Morning', '2019-01-27', 'Medium'),
('Evening', '2019-01-27', 'High'),
('Morning', '2019-01-28', 'High'),
('Evening', '2019-01-28', 'Low'),
('Morning', '2019-01-29', 'Medium'),
('Evening', '2019-01-29', 'High'),
('Morning', '2019-01-31', 'Medium'),
('Evening', '2019-01-31', 'High'),
('Morning', '2019-02-03', 'High'),
('Evening', '2019-02-03', 'Low'),
('Morning', '2019-02-04', 'Low'),
('Evening', '2019-02-04', 'Medium'),
('Morning', '2019-02-06', 'Medium'),
('Evening', '2019-02-06', 'Low'),
('Morning', '2019-02-10', 'High'),
('Evening', '2019-02-10', 'Medium'),
('Morning', '2019-02-12', 'Medium'),
('Evening', '2019-02-12', 'Medium'),
('Morning', '2019-02-13', 'Medium'),
('Evening', '2019-02-13', 'Medium'),
('Morning', '2019-02-14', 'Medium'),
('Evening', '2019-02-14', 'High'),
('Morning', '2019-02-15', 'Medium'),
('Evening', '2019-02-15', 'Low'),
('Morning', '2019-02-16', 'High'),
('Evening', '2019-02-16', 'High'),
('Morning', '2019-02-22', 'High'),
('Evening', '2019-02-22', 'Low'),
('Morning', '2019-02-23', 'High'),
('Evening', '2019-02-23', 'High'),
('Morning', '2019-02-26', 'Low'),
('Evening', '2019-02-26', 'High'),
('Morning', '2019-02-27', 'Medium'),
('Evening', '2019-02-27', 'High'),
('Morning', '2019-03-02', 'High'),
('Evening', '2019-03-02', 'Low'),
('Morning', '2019-03-03', 'Medium'),
('Evening', '2019-03-03', 'Low'),
('Morning', '2019-03-04', 'Low'),
('Evening', '2019-03-04', 'Medium'),
('Morning', '2019-03-05', 'Low'),
('Evening', '2019-03-05', 'High'),
('Morning', '2019-03-06', 'Low'),
('Evening', '2019-03-06', 'High'),
('Morning', '2019-03-09', 'Medium'),
('Evening', '2019-03-09', 'Medium'),
('Morning', '2019-03-10', 'Medium'),
('Evening', '2019-03-10', 'High'),
('Morning', '2019-03-11', 'Medium'),
('Evening', '2019-03-11', 'Medium'),
('Morning', '2019-03-12', 'Low'),
('Evening', '2019-03-12', 'High'),
('Morning', '2019-03-15', 'High'),
('Evening', '2019-03-15', 'Low'),
('Morning', '2019-03-19', 'Low'),
('Evening', '2019-03-19', 'High'),
('Morning', '2019-03-20', 'Medium'),
('Evening', '2019-03-20', 'High'),
('Morning', '2019-03-22', 'Low'),
('Evening', '2019-03-22', 'Medium'),
('Morning', '2019-03-24', 'Low'),
('Evening', '2019-03-24', 'High'),
('Morning', '2019-03-25', 'Low'),
('Evening', '2019-03-25', 'Low'),
('Morning', '2019-03-26', 'High'),
('Evening', '2019-03-26', 'High'),
('Morning', '2019-03-27', 'Medium'),
('Evening', '2019-03-27', 'Low'),
('Morning', '2019-03-28', 'High'),
('Evening', '2019-03-28', 'High'),
('Morning', '2019-03-29', 'Medium'),
('Evening', '2019-03-29', 'Medium'),
('Morning', '2019-03-30', 'High'),
('Evening', '2019-03-30', 'High'),
('Morning', '2019-03-31', 'High'),
('Evening', '2019-03-31', 'Medium'),
('Morning', '2019-04-01', 'High'),
('Evening', '2019-04-01', 'Low'),
('Morning', '2019-04-02', 'High'),
('Evening', '2019-04-02', 'High'),
('Morning', '2019-04-03', 'High'),
('Evening', '2019-04-03', 'Low'),
('Morning', '2019-04-04', 'Medium'),
('Evening', '2019-04-04', 'Low'),
('Morning', '2019-04-05', 'High'),
('Evening', '2019-04-05', 'Medium'),
('Morning', '2019-04-07', 'Low'),
('Evening', '2019-04-07', 'High'),
('Morning', '2019-04-08', 'Low'),
('Evening', '2019-04-08', 'Medium'),
('Morning', '2019-04-10', 'High'),
('Evening', '2019-04-10', 'Low'),
('Morning', '2019-04-14', 'Low'),
('Evening', '2019-04-14', 'Low'),
('Morning', '2019-04-17', 'Medium'),
('Evening', '2019-04-17', 'Low'),
('Morning', '2019-04-18', 'Low'),
('Evening', '2019-04-18', 'Low'),
('Morning', '2019-04-21', 'Medium'),
('Evening', '2019-04-21', 'Low'),
('Morning', '2019-04-25', 'Low'),
('Evening', '2019-04-25', 'High'),
('Morning', '2019-04-29', 'High'),
('Evening', '2019-04-29', 'High'),
('Morning', '2019-05-03', 'Medium'),
('Evening', '2019-05-03', 'Medium'),
('Morning', '2019-05-07', 'Medium'),
('Evening', '2019-05-07', 'Medium'),
('Morning', '2019-05-10', 'Medium'),
('Evening', '2019-05-10', 'Medium'),
('Morning', '2019-05-16', 'Medium'),
('Evening', '2019-05-16', 'High'),
('Morning', '2019-05-20', 'Medium'),
('Evening', '2019-05-20', 'Low'),
('Morning', '2019-05-22', 'Medium'),
('Evening', '2019-05-22', 'Low'),
('Morning', '2019-05-25', 'High'),
('Evening', '2019-05-25', 'Medium'),
('Morning', '2019-05-27', 'High'),
('Evening', '2019-05-27', 'Low'),
('Morning', '2019-05-28', 'High'),
('Evening', '2019-05-28', 'High'),
('Morning', '2019-05-30', 'High'),
('Evening', '2019-05-30', 'Low'),
('Morning', '2019-06-05', 'High'),
('Evening', '2019-06-05', 'Low'),
('Morning', '2019-06-06', 'High'),
('Evening', '2019-06-06', 'High'),
('Morning', '2019-06-07', 'Low'),
('Evening', '2019-06-07', 'High'),
('Morning', '2019-06-09', 'Medium'),
('Evening', '2019-06-09', 'Medium'),
('Morning', '2019-06-12', 'Medium'),
('Evening', '2019-06-12', 'Low'),
('Morning', '2019-06-17', 'Low'),
('Evening', '2019-06-17', 'Medium'),
('Morning', '2019-06-20', 'Low'),
('Evening', '2019-06-20', 'Low'),
('Morning', '2019-06-25', 'High'),
('Evening', '2019-06-25', 'Medium'),
('Morning', '2019-06-26', 'Low'),
('Evening', '2019-06-26', 'High'),
('Morning', '2019-06-29', 'Medium'),
('Evening', '2019-06-29', 'Low'),
('Morning', '2019-07-01', 'Low'),
('Evening', '2019-07-01', 'High'),
('Morning', '2019-07-02', 'High'),
('Evening', '2019-07-02', 'High'),
('Morning', '2019-07-06', 'Medium'),
('Evening', '2019-07-06', 'High'),
('Morning', '2019-07-07', 'High'),
('Evening', '2019-07-07', 'Medium'),
('Morning', '2019-07-08', 'Low'),
('Evening', '2019-07-08', 'High'),
('Morning', '2019-07-09', 'Medium'),
('Evening', '2019-07-09', 'Low'),
('Morning', '2019-07-12', 'Low'),
('Evening', '2019-07-12', 'Low'),
('Morning', '2019-07-13', 'High'),
('Evening', '2019-07-13', 'High'),
('Morning', '2019-07-14', 'Low'),
('Evening', '2019-07-14', 'Low'),
('Morning', '2019-07-16', 'Low'),
('Evening', '2019-07-16', 'Medium'),
('Morning', '2019-07-20', 'Medium'),
('Evening', '2019-07-20', 'Low'),
('Morning', '2019-07-21', 'High'),
('Evening', '2019-07-21', 'High'),
('Morning', '2019-07-23', 'High'),
('Evening', '2019-07-23', 'Low'),
('Morning', '2019-07-24', 'Low'),
('Evening', '2019-07-24', 'Low'),
('Morning', '2019-07-26', 'Low'),
('Evening', '2019-07-26', 'High'),
('Morning', '2019-07-28', 'Low'),
('Evening', '2019-07-28', 'Medium'),
('Morning', '2019-07-31', 'Medium'),
('Evening', '2019-07-31', 'Medium');

INSERT INTO WorkSchedule(empID, shiftID) VALUES
(1, 1),
(3, 1),
(12, 1),
(28, 1),
(10, 1),
(13, 1),
(23, 1),
(17, 1),
(18, 1),
(27, 1),
(25, 1),
(26, 1),
(24, 1),
(15, 1),
(19, 1),
(16, 1),
(32, 1),
(35, 1),
(47, 1),
(49, 1),
(2, 2),
(5, 2),
(8, 2),
(30, 2),
(11, 2),
(6, 2),
(20, 2),
(21, 2),
(14, 2),
(22, 2),
(38, 2),
(33, 2),
(36, 2),
(37, 2),
(41, 2),
(45, 2),
(43, 2),
(42, 2),
(1, 3),
(5, 3),
(6, 3),
(28, 3),
(7, 3),
(8, 3),
(13, 3),
(20, 3),
(32, 3),
(34, 3),
(37, 3),
(33, 3),
(49, 3),
(41, 3),
(2, 4),
(4, 4),
(11, 4),
(30, 4),
(9, 4),
(12, 4),
(10, 4),
(21, 4),
(23, 4),
(26, 4),
(19, 4),
(24, 4),
(15, 4),
(27, 4),
(17, 4),
(22, 4),
(16, 4),
(38, 4),
(31, 4),
(36, 4),
(35, 4),
(47, 4),
(46, 4),
(48, 4),
(39, 4),
(43, 4),
(45, 4),
(2, 5),
(4, 5),
(10, 5),
(29, 5),
(7, 5),
(6, 5),
(22, 5),
(20, 5),
(24, 5),
(19, 5),
(15, 5),
(26, 5),
(33, 5),
(37, 5),
(32, 5),
(35, 5),
(34, 5),
(50, 5),
(47, 5),
(40, 5),
(45, 5),
(42, 5),
(44, 5),
(39, 5),
(48, 5),
(41, 5),
(43, 5),
(49, 5),
(1, 6),
(5, 6),
(13, 6),
(30, 6),
(11, 6),
(9, 6),
(12, 6),
(8, 6),
(17, 6),
(38, 6),
(36, 6),
(31, 6),
(46, 6),
(2, 7),
(3, 7),
(11, 7),
(28, 7),
(13, 7),
(20, 7),
(26, 7),
(35, 7),
(32, 7),
(33, 7),
(34, 7),
(36, 7),
(31, 7),
(38, 7),
(37, 7),
(40, 7),
(48, 7),
(39, 7),
(41, 7),
(45, 7),
(43, 7),
(44, 7),
(49, 7),
(1, 8),
(4, 8),
(6, 8),
(29, 8),
(10, 8),
(8, 8),
(12, 8),
(17, 8),
(22, 8),
(25, 8),
(15, 8),
(21, 8),
(16, 8),
(14, 8),
(42, 8),
(47, 8),
(46, 8),
(1, 9),
(3, 9),
(12, 9),
(28, 10),
(30, 9),
(7, 9),
(13, 9),
(11, 9),
(18, 9),
(20, 9),
(24, 9),
(21, 9),
(17, 9),
(16, 9),
(26, 9),
(15, 9),
(25, 9),
(23, 9),
(14, 9),
(22, 9),
(19, 9),
(36, 9),
(50, 9),
(40, 9),
(2, 10),
(5, 10),
(9, 10),
(29, 10),
(6, 10),
(10, 10),
(27, 10),
(31, 10),
(34, 10),
(37, 10),
(32, 10),
(35, 10),
(46, 10),
(44, 10),
(2, 11),
(4, 11),
(7, 11),
(28, 11),
(12, 11),
(15, 11),
(26, 11),
(19, 11),
(20, 11),
(16, 11),
(17, 11),
(23, 11),
(22, 11),
(24, 11),
(14, 11),
(27, 11),
(18, 11),
(25, 11),
(21, 11),
(33, 11),
(40, 11),
(49, 11),
(50, 11),
(48, 11),
(46, 11),
(41, 11),
(1, 12),
(3, 12),
(8, 12),
(30, 12),
(10, 12),
(13, 12),
(34, 12),
(36, 12),
(37, 12),
(35, 12),
(31, 12),
(32, 12),
(38, 12),
(42, 12),
(39, 12),
(45, 12),
(2, 13),
(5, 13),
(12, 13),
(30, 13),
(29, 13),
(13, 13),
(10, 13),
(20, 13),
(22, 13),
(25, 13),
(31, 13),
(34, 13),
(33, 13),
(37, 13),
(39, 13),
(43, 13),
(50, 13),
(49, 13),
(45, 13),
(42, 13),
(46, 13),
(40, 13),
(44, 13),
(48, 13),
(47, 13),
(41, 13),
(1, 14),
(4, 14),
(8, 14),
(28, 14),
(6, 14),
(9, 14),
(11, 14),
(7, 14),
(23, 14),
(15, 14),
(38, 14),
(36, 14),
(35, 14),
(32, 14),
(1, 15),
(5, 15),
(13, 15),
(30, 15),
(7, 15),
(20, 15),
(17, 15),
(22, 15),
(19, 15),
(25, 15),
(24, 15),
(15, 15),
(33, 15),
(35, 15),
(38, 15),
(37, 15),
(34, 15),
(32, 15),
(31, 15),
(36, 15),
(39, 15),
(49, 15),
(43, 15),
(48, 15),
(50, 15),
(40, 15),
(46, 15),
(42, 15),
(41, 15),
(47, 15),
(2, 16),
(4, 16),
(12, 16),
(28, 16),
(11, 16),
(9, 16),
(18, 16),
(23, 16),
(21, 16),
(16, 16),
(14, 16),
(44, 16),
(1, 17),
(4, 17),
(10, 17),
(29, 17),
(9, 17),
(11, 17),
(19, 17),
(26, 17),
(20, 17),
(24, 17),
(22, 17),
(15, 17),
(25, 17),
(17, 17),
(23, 17),
(14, 17),
(18, 17),
(16, 17),
(32, 17),
(35, 17),
(40, 17),
(43, 17),
(39, 17),
(41, 17),
(44, 17),
(49, 17),
(48, 17),
(47, 17),
(42, 17),
(45, 17),
(2, 18),
(5, 18),
(8, 18),
(30, 18),
(13, 18),
(6, 18),
(12, 18),
(7, 18),
(27, 18),
(21, 18),
(34, 18),
(50, 18),
(2, 19),
(5, 19),
(12, 19),
(28, 19),
(8, 19),
(6, 19),
(24, 19),
(27, 19),
(26, 19),
(31, 19),
(38, 19),
(34, 19),
(35, 19),
(37, 19),
(36, 19),
(41, 19),
(50, 19),
(1, 20),
(3, 20),
(13, 20),
(29, 20),
(9, 20),
(10, 20),
(7, 20),
(19, 20),
(15, 20),
(17, 20),
(23, 20),
(21, 20),
(18, 20),
(20, 20),
(16, 20),
(14, 20),
(25, 20),
(22, 20),
(33, 20),
(43, 20),
(48, 20),
(42, 20),
(47, 20),
(44, 20),
(39, 20),
(45, 20),
(40, 20),
(49, 20),
(1, 21),
(4, 21),
(10, 21),
(29, 21),
(8, 21),
(11, 21),
(22, 21),
(19, 21),
(16, 21),
(18, 21),
(20, 21),
(24, 21),
(21, 21),
(23, 21),
(27, 21),
(26, 21),
(17, 21),
(14, 21),
(25, 21),
(32, 21),
(34, 21),
(35, 21),
(38, 21),
(41, 21),
(46, 21),
(2, 22),
(5, 22),
(7, 22),
(28, 22),
(12, 22),
(15, 22),
(36, 22),
(39, 22),
(43, 22),
(40, 22),
(49, 22),
(2, 23),
(5, 23),
(7, 23),
(29, 23),
(10, 23),
(13, 23),
(11, 23),
(9, 23),
(6, 23),
(12, 23),
(14, 23),
(15, 23),
(19, 23),
(16, 23),
(20, 23),
(25, 23),
(22, 23),
(27, 23),
(24, 23),
(18, 23),
(26, 23),
(17, 23),
(21, 23),
(23, 23),
(35, 23),
(32, 23),
(34, 23),
(33, 23),
(31, 23),
(38, 23),
(37, 23),
(36, 23),
(46, 23),
(41, 23),
(40, 23),
(45, 23),
(48, 23),
(43, 23),
(49, 23),
(1, 24),
(3, 24),
(8, 24),
(30, 24),
(50, 24),
(39, 24),
(42, 24),
(47, 24),
(44, 24),
(1, 25),
(5, 25),
(10, 25),
(30, 25),
(9, 25),
(15, 25),
(14, 25),
(23, 25),
(18, 25),
(21, 25),
(19, 25),
(20, 25),
(24, 25),
(25, 25),
(26, 25),
(22, 25),
(27, 25),
(16, 25),
(17, 25),
(35, 25),
(31, 25),
(33, 25),
(37, 25),
(34, 25),
(38, 25),
(45, 25),
(49, 25),
(2, 26),
(4, 26),
(12, 26),
(28, 26),
(8, 26),
(6, 26),
(13, 26),
(11, 26),
(7, 26),
(32, 26),
(36, 26),
(42, 26),
(46, 26),
(47, 26),
(44, 26),
(48, 26),
(43, 26),
(50, 26),
(41, 26),
(2, 27),
(3, 27),
(6, 27),
(28, 27),
(7, 27),
(9, 27),
(8, 27),
(11, 27),
(12, 27),
(25, 27),
(17, 27),
(24, 27),
(15, 27),
(23, 27),
(16, 27),
(19, 27),
(14, 27),
(22, 27),
(36, 27),
(38, 27),
(34, 27),
(31, 27),
(37, 27),
(32, 27),
(35, 27),
(33, 27),
(48, 27),
(39, 27),
(1, 28),
(5, 28),
(10, 28),
(29, 28),
(13, 28),
(21, 28),
(20, 28),
(18, 28),
(26, 28),
(45, 28),
(41, 28),
(46, 28),
(2, 29),
(4, 29),
(7, 29),
(28, 29),
(8, 29),
(26, 29),
(27, 29),
(23, 29),
(18, 29),
(24, 29),
(15, 29),
(25, 29),
(20, 29),
(19, 29),
(16, 29),
(34, 29),
(32, 29),
(36, 29),
(35, 29),
(31, 29),
(38, 29),
(37, 29),
(46, 29),
(50, 29),
(49, 29),
(1, 30),
(5, 30),
(11, 30),
(30, 30),
(12, 30),
(9, 30),
(10, 30),
(22, 30),
(33, 30),
(39, 30),
(43, 30),
(42, 30),
(48, 30),
(40, 30),
(44, 30),
(41, 30),
(1, 31),
(5, 31),
(11, 31),
(29, 31),
(9, 31),
(8, 31),
(24, 31),
(14, 31),
(18, 31),
(23, 31),
(26, 31),
(27, 31),
(17, 31),
(15, 31),
(31, 31),
(32, 31),
(34, 31),
(40, 31),
(44, 31),
(49, 31),
(46, 31),
(48, 31),
(43, 31),
(42, 31),
(39, 31),
(41, 31),
(47, 31),
(50, 31),
(45, 31),
(2, 32),
(4, 32),
(7, 32),
(30, 32),
(12, 32),
(10, 32),
(6, 32),
(20, 32),
(22, 32),
(25, 32),
(16, 32),
(36, 32),
(33, 32),
(37, 32),
(2, 33),
(3, 33),
(6, 33),
(30, 33),
(7, 33),
(10, 33),
(9, 33),
(23, 33),
(27, 33),
(18, 33),
(14, 33),
(22, 33),
(25, 33),
(24, 33),
(15, 33),
(19, 33),
(16, 33),
(26, 33),
(20, 33),
(21, 33),
(38, 33),
(32, 33),
(33, 33),
(37, 33),
(36, 33),
(31, 33),
(35, 33),
(45, 33),
(41, 33),
(1, 34),
(4, 34),
(8, 34),
(28, 34),
(12, 34),
(11, 34),
(17, 34),
(34, 34),
(50, 34),
(44, 34),
(46, 34),
(42, 34),
(47, 34),
(1, 35),
(3, 35),
(7, 35),
(30, 35),
(12, 35),
(10, 35),
(9, 35),
(21, 35),
(25, 35),
(16, 35),
(24, 35),
(22, 35),
(33, 35),
(38, 35),
(31, 35),
(45, 35),
(44, 35),
(43, 35),
(49, 35),
(47, 35),
(39, 35),
(50, 35),
(41, 35),
(46, 35),
(40, 35),
(2, 36),
(5, 36),
(11, 36),
(28, 36),
(6, 36),
(13, 36),
(8, 36),
(27, 36),
(15, 36),
(26, 36),
(18, 36),
(17, 36),
(20, 36),
(14, 36),
(19, 36),
(23, 36),
(37, 36),
(34, 36),
(35, 36),
(32, 36),
(36, 36),
(42, 36),
(1, 37),
(3, 37),
(12, 37),
(29, 37),
(13, 37),
(11, 37),
(9, 37),
(7, 37),
(21, 37),
(24, 37),
(22, 37),
(27, 37),
(14, 37),
(17, 37),
(19, 37),
(26, 37),
(16, 37),
(25, 37),
(18, 37),
(23, 37),
(20, 37),
(15, 37),
(37, 37),
(34, 37),
(38, 37),
(35, 37),
(49, 37),
(45, 37),
(50, 37),
(42, 37),
(2, 38),
(5, 38),
(8, 38),
(30, 38),
(6, 38),
(33, 38),
(32, 38),
(43, 38),
(47, 38),
(2, 39),
(4, 39),
(8, 39),
(30, 39),
(7, 39),
(9, 39),
(13, 39),
(12, 39),
(11, 39),
(10, 39),
(21, 39),
(26, 39),
(23, 39),
(14, 39),
(16, 39),
(20, 39),
(22, 39),
(17, 39),
(15, 39),
(19, 39),
(25, 39),
(27, 39),
(18, 39),
(24, 39),
(31, 39),
(32, 39),
(38, 39),
(33, 39),
(37, 39),
(36, 39),
(46, 39),
(43, 39),
(44, 39),
(1, 40),
(3, 40),
(6, 40),
(29, 40),
(35, 40),
(50, 40),
(39, 40),
(42, 40),
(48, 40),
(40, 40),
(47, 40),
(41, 40),
(45, 40),
(49, 40),
(1, 41),
(4, 41),
(8, 41),
(28, 41),
(13, 41),
(7, 41),
(10, 41),
(22, 41),
(27, 41),
(18, 41),
(14, 41),
(26, 41),
(21, 41),
(32, 41),
(34, 41),
(36, 41),
(44, 41),
(39, 41),
(40, 41),
(48, 41),
(46, 41),
(45, 41),
(49, 41),
(42, 41),
(43, 41),
(47, 41),
(2, 42),
(5, 42),
(9, 42),
(29, 42),
(6, 42),
(11, 42),
(12, 42),
(17, 42),
(25, 42),
(15, 42),
(24, 42),
(20, 42),
(16, 42),
(37, 42),
(33, 42),
(31, 42),
(35, 42),
(41, 42),
(2, 43),
(3, 43),
(7, 43),
(29, 43),
(11, 43),
(26, 43),
(18, 43),
(38, 43),
(31, 43),
(33, 43),
(37, 43),
(32, 43),
(36, 43),
(35, 43),
(34, 43),
(42, 43),
(46, 43),
(47, 43),
(39, 43),
(43, 43),
(45, 43),
(41, 43),
(48, 43),
(1, 44),
(5, 44),
(8, 44),
(30, 44),
(9, 44),
(12, 44),
(10, 44),
(19, 44),
(16, 44),
(24, 44),
(27, 44),
(21, 44),
(23, 44),
(14, 44),
(25, 44),
(40, 44),
(1, 45),
(4, 45),
(12, 45),
(29, 45),
(6, 45),
(8, 45),
(10, 45),
(13, 45),
(7, 45),
(14, 45),
(24, 45),
(18, 45),
(19, 45),
(20, 45),
(26, 45),
(23, 45),
(27, 45),
(17, 45),
(22, 45),
(15, 45),
(16, 45),
(32, 45),
(36, 45),
(31, 45),
(34, 45),
(38, 45),
(37, 45),
(35, 45),
(42, 45),
(46, 45),
(45, 45),
(43, 45),
(48, 45),
(50, 45),
(39, 45),
(44, 45),
(47, 45),
(2, 46),
(3, 46),
(9, 46),
(30, 46),
(11, 46),
(21, 46),
(33, 46),
(49, 46),
(41, 46),
(40, 46),
(1, 47),
(3, 47),
(7, 47),
(28, 47),
(11, 47),
(12, 47),
(9, 47),
(8, 47),
(13, 47),
(27, 47),
(38, 47),
(33, 47),
(35, 47),
(32, 47),
(37, 47),
(48, 47),
(49, 47),
(42, 47),
(47, 47),
(46, 47),
(40, 47),
(43, 47),
(44, 47),
(45, 47),
(39, 47),
(50, 47),
(41, 47),
(2, 48),
(4, 48),
(10, 48),
(29, 48),
(6, 48),
(23, 48),
(26, 48),
(24, 48),
(21, 48),
(22, 48),
(25, 48),
(19, 48),
(15, 48),
(18, 48),
(17, 48),
(14, 48),
(34, 48),
(2, 49),
(3, 49),
(10, 49),
(29, 49),
(8, 49),
(13, 49),
(23, 49),
(16, 49),
(15, 49),
(22, 49),
(24, 49),
(18, 49),
(27, 49),
(19, 49),
(14, 49),
(25, 49),
(32, 49),
(33, 49),
(35, 49),
(38, 49),
(37, 49),
(31, 49),
(40, 49),
(44, 49),
(41, 49),
(48, 49),
(50, 49),
(42, 49),
(46, 49),
(1, 50),
(5, 50),
(11, 50),
(30, 50),
(9, 50),
(12, 50),
(7, 50),
(6, 50),
(17, 50),
(26, 50),
(20, 50),
(21, 50),
(36, 50),
(34, 50),
(45, 50),
(39, 50),
(1, 51),
(3, 51),
(7, 51),
(29, 51),
(10, 51),
(8, 51),
(19, 51),
(31, 51),
(37, 51),
(34, 51),
(33, 51),
(32, 51),
(38, 51),
(35, 51),
(41, 51),
(2, 52),
(5, 52),
(6, 52),
(28, 52),
(9, 52),
(12, 52),
(11, 52),
(13, 52),
(18, 52),
(23, 52),
(22, 52),
(14, 52),
(24, 52),
(20, 52),
(26, 52),
(36, 52),
(46, 52),
(42, 52),
(43, 52),
(47, 52),
(44, 52),
(50, 52),
(1, 53),
(5, 53),
(13, 53),
(30, 53),
(11, 53),
(8, 53),
(6, 53),
(10, 53),
(12, 53),
(7, 53),
(20, 53),
(21, 53),
(24, 53),
(32, 53),
(37, 53),
(34, 53),
(36, 53),
(31, 53),
(35, 53),
(33, 53),
(42, 53),
(47, 53),
(39, 53),
(44, 53),
(40, 53),
(41, 53),
(48, 53),
(43, 53),
(50, 53),
(2, 54),
(3, 54),
(9, 54),
(28, 54),
(19, 54),
(25, 54),
(16, 54),
(22, 54),
(23, 54),
(15, 54),
(26, 54),
(38, 54),
(49, 54),
(46, 54),
(2, 55),
(4, 55),
(7, 55),
(28, 55),
(13, 55),
(9, 55),
(10, 55),
(12, 55),
(8, 55),
(6, 55),
(21, 55),
(24, 55),
(19, 55),
(23, 55),
(17, 55),
(16, 55),
(18, 55),
(15, 55),
(20, 55),
(27, 55),
(14, 55),
(25, 55),
(22, 55),
(26, 55),
(35, 55),
(32, 55),
(37, 55),
(33, 55),
(36, 55),
(38, 55),
(39, 55),
(44, 55),
(49, 55),
(1, 56),
(5, 56),
(11, 56),
(29, 56),
(31, 56),
(43, 56),
(48, 56),
(50, 56),
(45, 56),
(46, 56),
(41, 56),
(1, 57),
(4, 57),
(11, 57),
(29, 57),
(8, 57),
(16, 57),
(23, 57),
(33, 57),
(31, 57),
(38, 57),
(36, 57),
(35, 57),
(34, 57),
(32, 57),
(37, 57),
(40, 57),
(48, 57),
(43, 57),
(39, 57),
(44, 57),
(41, 57),
(42, 57),
(47, 57),
(50, 57),
(46, 57),
(49, 57),
(2, 58),
(3, 58),
(6, 58),
(28, 58),
(10, 58),
(7, 58),
(9, 58),
(13, 58),
(12, 58),
(22, 58),
(20, 58),
(21, 58),
(45, 58),
(1, 59),
(3, 59),
(8, 59),
(30, 60),
(28, 59),
(6, 59),
(7, 59),
(10, 59),
(11, 59),
(13, 59),
(24, 59),
(20, 59),
(14, 59),
(23, 59),
(18, 59),
(16, 59),
(26, 59),
(27, 59),
(36, 59),
(34, 59),
(33, 59),
(46, 59),
(47, 59),
(45, 59),
(44, 59),
(40, 59),
(48, 59),
(39, 59),
(41, 59),
(49, 59),
(2, 60),
(5, 60),
(12, 60),
(29, 60),
(9, 60),
(17, 60),
(19, 60),
(35, 60),
(38, 60),
(43, 60),
(42, 60),
(50, 60),
(1, 61),
(5, 61),
(6, 61),
(29, 61),
(11, 61),
(26, 61),
(19, 61),
(34, 61),
(32, 61),
(38, 61),
(33, 61),
(37, 61),
(44, 61),
(46, 61),
(45, 61),
(41, 61),
(40, 61),
(47, 61),
(50, 61),
(43, 61),
(39, 61),
(42, 61),
(2, 62),
(3, 62),
(7, 62),
(30, 62),
(8, 62),
(10, 62),
(13, 62),
(12, 62),
(9, 62),
(15, 62),
(21, 62),
(16, 62),
(14, 62),
(24, 62),
(27, 62),
(20, 62),
(17, 62),
(23, 62),
(22, 62),
(25, 62),
(18, 62),
(35, 62),
(36, 62),
(49, 62),
(48, 62),
(2, 63),
(5, 63),
(9, 63),
(28, 63),
(6, 63),
(7, 63),
(11, 63),
(13, 63),
(10, 63),
(20, 63),
(23, 63),
(24, 63),
(17, 63),
(25, 63),
(16, 63),
(18, 63),
(21, 63),
(14, 63),
(19, 63),
(15, 63),
(35, 63),
(34, 63),
(43, 63),
(48, 63),
(39, 63),
(50, 63),
(47, 63),
(42, 63),
(46, 63),
(44, 63),
(45, 63),
(40, 63),
(1, 64),
(3, 64),
(12, 64),
(30, 64),
(8, 64),
(27, 64),
(26, 64),
(22, 64),
(37, 64),
(36, 64),
(31, 64),
(41, 64),
(49, 64),
(1, 65),
(3, 65),
(8, 65),
(28, 65),
(6, 65),
(19, 65),
(33, 65),
(35, 65),
(45, 65),
(40, 65),
(41, 65),
(43, 65),
(50, 65),
(48, 65),
(2, 66),
(4, 66),
(7, 66),
(29, 66),
(12, 66),
(9, 66),
(13, 66),
(11, 66),
(16, 66),
(17, 66),
(26, 66),
(14, 66),
(20, 66),
(25, 66),
(32, 66),
(34, 66),
(44, 66),
(49, 66),
(47, 66),
(42, 66),
(1, 67),
(3, 67),
(12, 67),
(29, 67),
(13, 67),
(7, 67),
(11, 67),
(10, 67),
(22, 67),
(21, 67),
(24, 67),
(17, 67),
(25, 67),
(31, 67),
(34, 67),
(37, 67),
(35, 67),
(45, 67),
(49, 67),
(2, 68),
(4, 68),
(9, 68),
(30, 68),
(8, 68),
(6, 68),
(19, 68),
(16, 68),
(14, 68),
(38, 68),
(39, 68),
(2, 69),
(3, 69),
(10, 69),
(28, 70),
(30, 69),
(6, 69),
(7, 69),
(13, 69),
(12, 69),
(27, 69),
(17, 69),
(16, 69),
(21, 69),
(23, 69),
(15, 69),
(22, 69),
(38, 69),
(31, 69),
(41, 69),
(48, 69),
(44, 69),
(40, 69),
(45, 69),
(39, 69),
(46, 69),
(1, 70),
(4, 70),
(8, 70),
(29, 70),
(9, 70),
(11, 70),
(24, 70),
(14, 70),
(20, 70),
(18, 70),
(26, 70),
(25, 70),
(32, 70),
(35, 70),
(37, 70),
(33, 70),
(43, 70),
(49, 70),
(50, 70),
(2, 71),
(4, 71),
(6, 71),
(28, 71),
(11, 71),
(8, 71),
(9, 71),
(13, 71),
(12, 71),
(7, 71),
(15, 71),
(26, 71),
(14, 71),
(23, 71),
(37, 71),
(33, 71),
(31, 71),
(36, 71),
(49, 71),
(43, 71),
(50, 71),
(44, 71),
(39, 71),
(45, 71),
(46, 71),
(47, 71),
(1, 72),
(3, 72),
(10, 72),
(29, 72),
(25, 72),
(34, 72),
(32, 72),
(42, 72),
(1, 73),
(5, 73),
(8, 73),
(30, 73),
(10, 73),
(15, 73),
(24, 73),
(27, 73),
(22, 73),
(18, 73),
(14, 73),
(26, 73),
(17, 73),
(23, 73),
(19, 73),
(16, 73),
(37, 73),
(36, 73),
(34, 73),
(31, 73),
(40, 73),
(44, 73),
(49, 73),
(46, 73),
(41, 73),
(47, 73),
(39, 73),
(50, 73),
(43, 73),
(45, 73),
(42, 73),
(48, 73),
(2, 74),
(4, 74),
(11, 74),
(29, 74),
(13, 74),
(21, 74),
(35, 74),
(33, 74),
(38, 74),
(1, 75),
(5, 75),
(8, 75),
(30, 75),
(13, 75),
(12, 75),
(11, 75),
(7, 75),
(15, 75),
(34, 75),
(32, 75),
(37, 75),
(31, 75),
(35, 75),
(33, 75),
(38, 75),
(41, 75),
(46, 75),
(49, 75),
(50, 75),
(43, 75),
(42, 75),
(48, 75),
(44, 75),
(40, 75),
(45, 75),
(39, 75),
(47, 75),
(2, 76),
(3, 76),
(10, 76),
(28, 76),
(6, 76),
(19, 76),
(18, 76),
(16, 76),
(21, 76),
(36, 76),
(1, 77),
(3, 77),
(9, 77),
(28, 77),
(7, 77),
(6, 77),
(11, 77),
(12, 77),
(14, 77),
(25, 77),
(15, 77),
(17, 77),
(18, 77),
(19, 77),
(22, 77),
(20, 77),
(26, 77),
(27, 77),
(16, 77),
(24, 77),
(21, 77),
(33, 77),
(34, 77),
(37, 77),
(39, 77),
(47, 77),
(45, 77),
(44, 77),
(50, 77),
(48, 77),
(46, 77),
(43, 77),
(40, 77),
(2, 78),
(5, 78),
(8, 78),
(30, 78),
(10, 78),
(23, 78),
(31, 78),
(35, 78),
(32, 78),
(41, 78),
(1, 79),
(4, 79),
(13, 79),
(30, 79),
(11, 79),
(7, 79),
(23, 79),
(21, 79),
(27, 79),
(16, 79),
(24, 79),
(15, 79),
(22, 79),
(25, 79),
(14, 79),
(17, 79),
(33, 79),
(36, 79),
(38, 79),
(31, 79),
(32, 79),
(35, 79),
(46, 79),
(2, 80),
(3, 80),
(6, 80),
(29, 80),
(8, 80),
(12, 80),
(20, 80),
(18, 80),
(26, 80),
(37, 80),
(34, 80),
(49, 80),
(43, 80),
(40, 80),
(39, 80),
(45, 80),
(48, 80),
(50, 80),
(42, 80),
(1, 81),
(4, 81),
(10, 81),
(28, 81),
(9, 81),
(13, 81),
(11, 81),
(24, 81),
(33, 81),
(34, 81),
(48, 81),
(45, 81),
(44, 81),
(47, 81),
(2, 82),
(5, 82),
(7, 82),
(30, 82),
(6, 82),
(12, 82),
(8, 82),
(27, 82),
(38, 82),
(31, 82),
(37, 82),
(36, 82),
(32, 82),
(35, 82),
(46, 82),
(43, 82),
(42, 82),
(1, 83),
(3, 83),
(13, 83),
(28, 83),
(11, 83),
(12, 83),
(7, 83),
(8, 83),
(10, 83),
(9, 83),
(20, 83),
(16, 83),
(32, 83),
(34, 83),
(42, 83),
(46, 83),
(47, 83),
(2, 84),
(4, 84),
(6, 84),
(30, 84),
(23, 84),
(22, 84),
(14, 84),
(27, 84),
(25, 84),
(18, 84),
(26, 84),
(24, 84),
(15, 84),
(19, 84),
(17, 84),
(21, 84),
(35, 84),
(36, 84),
(44, 84),
(50, 84),
(39, 84),
(40, 84),
(1, 85),
(3, 85),
(13, 85),
(29, 85),
(10, 85),
(7, 85),
(8, 85),
(11, 85),
(17, 85),
(25, 85),
(24, 85),
(38, 85),
(37, 85),
(45, 85),
(42, 85),
(47, 85),
(41, 85),
(46, 85),
(49, 85),
(44, 85),
(43, 85),
(48, 85),
(39, 85),
(50, 85),
(2, 86),
(5, 86),
(9, 86),
(28, 86),
(6, 86),
(15, 86),
(27, 86),
(14, 86),
(26, 86),
(19, 86),
(35, 86),
(32, 86),
(40, 86),
(1, 87),
(4, 87),
(12, 87),
(29, 87),
(7, 87),
(6, 87),
(23, 87),
(26, 87),
(21, 87),
(22, 87),
(16, 87),
(18, 87),
(31, 87),
(34, 87),
(48, 87),
(49, 87),
(39, 87),
(47, 87),
(42, 87),
(50, 87),
(44, 87),
(43, 87),
(2, 88),
(5, 88),
(13, 88),
(30, 88),
(9, 88),
(15, 88),
(38, 88),
(32, 88),
(37, 88),
(35, 88),
(33, 88),
(40, 88),
(2, 89),
(3, 89),
(7, 89),
(30, 89),
(11, 89),
(12, 89),
(26, 89),
(37, 89),
(41, 89),
(49, 89),
(48, 89),
(1, 90),
(5, 90),
(13, 90),
(29, 90),
(9, 90),
(10, 90),
(16, 90),
(23, 90),
(34, 90),
(38, 90),
(32, 90),
(35, 90),
(39, 90),
(45, 90),
(43, 90),
(1, 91),
(4, 91),
(7, 91),
(29, 91),
(12, 91),
(11, 91),
(10, 91),
(20, 91),
(33, 91),
(44, 91),
(46, 91),
(2, 92),
(5, 92),
(9, 92),
(30, 92),
(13, 92),
(8, 92),
(22, 92),
(15, 92),
(23, 92),
(24, 92),
(14, 92),
(16, 92),
(19, 92),
(21, 92),
(17, 92),
(18, 92),
(27, 92),
(31, 92),
(38, 92),
(32, 92),
(36, 92),
(49, 92),
(48, 92),
(39, 92),
(47, 92),
(40, 92),
(50, 92),
(42, 92),
(1, 93),
(4, 93),
(11, 93),
(30, 93),
(6, 93),
(13, 93),
(7, 93),
(23, 93),
(32, 93),
(31, 93),
(37, 93),
(34, 93),
(41, 93),
(48, 93),
(45, 93),
(46, 93),
(43, 93),
(39, 93),
(42, 93),
(2, 94),
(3, 94),
(8, 94),
(28, 94),
(9, 94),
(24, 94),
(21, 94),
(20, 94),
(22, 94),
(18, 94),
(16, 94),
(14, 94),
(15, 94),
(27, 94),
(19, 94),
(35, 94),
(38, 94),
(36, 94),
(33, 94),
(50, 94),
(44, 94),
(47, 94),
(49, 94),
(1, 95),
(4, 95),
(8, 95),
(29, 95),
(6, 95),
(11, 95),
(21, 95),
(27, 95),
(17, 95),
(22, 95),
(24, 95),
(15, 95),
(20, 95),
(18, 95),
(26, 95),
(25, 95),
(19, 95),
(14, 95),
(16, 95),
(37, 95),
(34, 95),
(32, 95),
(33, 95),
(31, 95),
(38, 95),
(48, 95),
(2, 96),
(5, 96),
(13, 96),
(30, 96),
(12, 96),
(23, 96),
(36, 96),
(35, 96),
(42, 96),
(40, 96),
(45, 96),
(44, 96),
(41, 96),
(2, 97),
(3, 97),
(7, 97),
(28, 98),
(30, 97),
(10, 97),
(12, 97),
(25, 97),
(17, 97),
(26, 97),
(27, 97),
(20, 97),
(35, 97),
(34, 97),
(36, 97),
(33, 97),
(31, 97),
(38, 97),
(37, 97),
(41, 97),
(42, 97),
(43, 97),
(40, 97),
(44, 97),
(46, 97),
(49, 97),
(1, 98),
(5, 98),
(8, 98),
(29, 98),
(13, 98),
(9, 98),
(16, 98),
(23, 98),
(19, 98),
(22, 98),
(32, 98),
(50, 98),
(1, 99),
(5, 99),
(13, 99),
(28, 99),
(8, 99),
(10, 99),
(12, 99),
(7, 99),
(11, 99),
(21, 99),
(20, 99),
(27, 99),
(23, 99),
(19, 99),
(17, 99),
(16, 99),
(14, 99),
(22, 99),
(15, 99),
(26, 99),
(33, 99),
(38, 99),
(37, 99),
(34, 99),
(32, 99),
(44, 99),
(2, 100),
(4, 100),
(6, 100),
(30, 100),
(9, 100),
(24, 100),
(36, 100),
(31, 100),
(41, 100),
(50, 100),
(39, 100),
(43, 100),
(1, 101),
(5, 101),
(8, 101),
(29, 102),
(28, 101),
(11, 101),
(6, 101),
(7, 101),
(18, 101),
(16, 101),
(21, 101),
(24, 101),
(20, 101),
(22, 101),
(17, 101),
(27, 101),
(19, 101),
(26, 101),
(23, 101),
(15, 101),
(14, 101),
(37, 101),
(36, 101),
(33, 101),
(34, 101),
(31, 101),
(35, 101),
(49, 101),
(50, 101),
(40, 101),
(2, 102),
(3, 102),
(12, 102),
(30, 102),
(9, 102),
(25, 102),
(38, 102),
(32, 102),
(43, 102),
(42, 102),
(46, 102),
(41, 102),
(47, 102),
(39, 102),
(48, 102),
(44, 102),
(45, 102),
(2, 103),
(5, 103),
(13, 103),
(29, 103),
(6, 103),
(11, 103),
(10, 103),
(8, 103),
(12, 103),
(9, 103),
(19, 103),
(16, 103),
(15, 103),
(14, 103),
(36, 103),
(39, 103),
(47, 103),
(42, 103),
(45, 103),
(40, 103),
(49, 103),
(46, 103),
(41, 103),
(48, 103),
(1, 104),
(3, 104),
(7, 104),
(28, 104),
(17, 104),
(18, 104),
(24, 104),
(21, 104),
(27, 104),
(25, 104),
(22, 104),
(20, 104),
(35, 104),
(32, 104),
(34, 104),
(44, 104),
(2, 105),
(3, 105),
(11, 105),
(29, 105),
(9, 105),
(13, 105),
(10, 105),
(7, 105),
(6, 105),
(26, 105),
(27, 105),
(25, 105),
(20, 105),
(16, 105),
(36, 105),
(38, 105),
(32, 105),
(35, 105),
(31, 105),
(41, 105),
(43, 105),
(47, 105),
(42, 105),
(44, 105),
(46, 105),
(45, 105),
(49, 105),
(40, 105),
(48, 105),
(39, 105),
(50, 105),
(1, 106),
(5, 106),
(12, 106),
(30, 106),
(8, 106),
(17, 106),
(14, 106),
(22, 106),
(37, 106),
(34, 106),
(1, 107),
(4, 107),
(7, 107),
(30, 107),
(9, 107),
(12, 107),
(26, 107),
(17, 107),
(24, 107),
(16, 107),
(27, 107),
(36, 107),
(32, 107),
(48, 107),
(2, 108),
(3, 108),
(10, 108),
(28, 108),
(13, 108),
(11, 108),
(6, 108),
(21, 108),
(19, 108),
(22, 108),
(20, 108),
(15, 108),
(14, 108),
(18, 108),
(23, 108),
(31, 108),
(49, 108),
(41, 108),
(43, 108),
(45, 108),
(40, 108),
(39, 108),
(47, 108),
(42, 108),
(50, 108),
(2, 109),
(3, 109),
(7, 109),
(29, 109),
(6, 109),
(19, 109),
(23, 109),
(25, 109),
(15, 109),
(17, 109),
(24, 109),
(20, 109),
(18, 109),
(37, 109),
(38, 109),
(34, 109),
(42, 109),
(47, 109),
(40, 109),
(39, 109),
(45, 109),
(41, 109),
(50, 109),
(49, 109),
(1, 110),
(5, 110),
(10, 110),
(30, 110),
(12, 110),
(13, 110),
(8, 110),
(11, 110),
(9, 110),
(22, 110),
(14, 110),
(21, 110),
(27, 110),
(26, 110),
(16, 110),
(32, 110),
(31, 110),
(33, 110),
(46, 110),
(48, 110),
(43, 110),
(44, 110),
(1, 111),
(3, 111),
(7, 111),
(29, 111),
(28, 111),
(10, 111),
(13, 111),
(16, 111),
(26, 111),
(21, 111),
(15, 111),
(22, 111),
(38, 111),
(31, 111),
(34, 111),
(37, 111),
(32, 111),
(43, 111),
(2, 112),
(5, 112),
(8, 112),
(30, 112),
(9, 112),
(6, 112),
(12, 112),
(14, 112),
(23, 112),
(35, 112),
(45, 112),
(48, 112),
(44, 112),
(42, 112),
(40, 112),
(39, 112),
(41, 112),
(50, 112),
(46, 112),
(1, 113),
(3, 113),
(8, 113),
(28, 113),
(7, 113),
(9, 113),
(10, 113),
(12, 113),
(13, 113),
(20, 113),
(19, 113),
(24, 113),
(16, 113),
(18, 113),
(27, 113),
(23, 113),
(22, 113),
(21, 113),
(14, 113),
(33, 113),
(32, 113),
(35, 113),
(34, 113),
(36, 113),
(31, 113),
(37, 113),
(38, 113),
(46, 113),
(49, 113),
(50, 113),
(41, 113),
(2, 114),
(5, 114),
(11, 114),
(30, 114),
(6, 114),
(26, 114),
(42, 114),
(40, 114),
(1, 115),
(3, 115),
(7, 115),
(29, 115),
(8, 115),
(13, 115),
(10, 115),
(6, 115),
(12, 115),
(16, 115),
(32, 115),
(38, 115),
(36, 115),
(45, 115),
(41, 115),
(44, 115),
(47, 115),
(49, 115),
(50, 115),
(2, 116),
(5, 116),
(9, 116),
(28, 116),
(11, 116),
(19, 116),
(15, 116),
(27, 116),
(25, 116),
(31, 116),
(37, 116),
(35, 116),
(34, 116),
(33, 116),
(40, 116),
(42, 116),
(2, 117),
(3, 117),
(12, 117),
(30, 117),
(9, 117),
(13, 117),
(6, 117),
(14, 117),
(16, 117),
(26, 117),
(17, 117),
(22, 117),
(19, 117),
(15, 117),
(25, 117),
(18, 117),
(20, 117),
(23, 117),
(21, 117),
(38, 117),
(36, 117),
(35, 117),
(32, 117),
(33, 117),
(31, 117),
(37, 117),
(34, 117),
(49, 117),
(44, 117),
(40, 117),
(48, 117),
(46, 117),
(42, 117),
(50, 117),
(1, 118),
(5, 118),
(10, 118),
(28, 118),
(8, 118),
(11, 118),
(7, 118),
(24, 118),
(27, 118),
(43, 118),
(2, 119),
(5, 119),
(10, 119),
(28, 119),
(11, 119),
(9, 119),
(6, 119),
(16, 119),
(24, 119),
(15, 119),
(33, 119),
(37, 119),
(38, 119),
(32, 119),
(35, 119),
(44, 119),
(43, 119),
(50, 119),
(1, 120),
(4, 120),
(7, 120),
(30, 120),
(12, 120),
(8, 120),
(13, 120),
(17, 120),
(14, 120),
(20, 120),
(21, 120),
(25, 120),
(36, 120),
(31, 120),
(49, 120),
(45, 120),
(2, 121),
(5, 121),
(13, 121),
(28, 121),
(9, 121),
(6, 121),
(8, 121),
(10, 121),
(12, 121),
(7, 121),
(19, 121),
(20, 121),
(26, 121),
(23, 121),
(17, 121),
(18, 121),
(33, 121),
(36, 121),
(31, 121),
(35, 121),
(37, 121),
(38, 121),
(34, 121),
(43, 121),
(39, 121),
(44, 121),
(50, 121),
(47, 121),
(42, 121),
(40, 121),
(45, 121),
(49, 121),
(48, 121),
(41, 121),
(1, 122),
(3, 122),
(11, 122),
(29, 122),
(15, 122),
(16, 122),
(21, 122),
(24, 122),
(27, 122),
(22, 122),
(14, 122),
(25, 122),
(32, 122),
(46, 122),
(2, 123),
(5, 123),
(11, 123),
(30, 123),
(12, 123),
(7, 123),
(8, 123),
(13, 123),
(10, 123),
(20, 123),
(17, 123),
(26, 123),
(25, 123),
(33, 123),
(36, 123),
(32, 123),
(37, 123),
(35, 123),
(31, 123),
(38, 123),
(34, 123),
(40, 123),
(50, 123),
(46, 123),
(49, 123),
(41, 123),
(42, 123),
(44, 123),
(39, 123),
(45, 123),
(43, 123),
(1, 124),
(4, 124),
(6, 124),
(29, 124),
(9, 124),
(22, 124),
(23, 124),
(16, 124),
(21, 124),
(19, 124),
(15, 124),
(27, 124),
(14, 124),
(48, 124),
(1, 125),
(3, 125),
(6, 125),
(30, 125),
(7, 125),
(13, 125),
(17, 125),
(15, 125),
(14, 125),
(19, 125),
(22, 125),
(20, 125),
(16, 125),
(25, 125),
(18, 125),
(21, 125),
(35, 125),
(31, 125),
(36, 125),
(37, 125),
(38, 125),
(46, 125),
(2, 126),
(4, 126),
(9, 126),
(28, 126),
(11, 126),
(8, 126),
(12, 126),
(26, 126),
(23, 126),
(33, 126),
(34, 126),
(32, 126),
(43, 126),
(39, 126),
(50, 126),
(40, 126),
(41, 126),
(44, 126),
(47, 126),
(48, 126),
(49, 126),
(1, 127),
(5, 127),
(9, 127),
(29, 127),
(13, 127),
(8, 127),
(10, 127),
(6, 127),
(26, 127),
(17, 127),
(18, 127),
(22, 127),
(20, 127),
(33, 127),
(31, 127),
(48, 127),
(43, 127),
(50, 127),
(46, 127),
(44, 127),
(40, 127),
(41, 127),
(2, 128),
(3, 128),
(7, 128),
(28, 128),
(11, 128),
(25, 128),
(24, 128),
(21, 128),
(38, 128),
(32, 128),
(35, 128),
(34, 128),
(45, 128),
(42, 128),
(47, 128),
(49, 128),
(39, 128),
(1, 129),
(3, 129),
(8, 129),
(29, 129),
(10, 129),
(11, 129),
(9, 129),
(6, 129),
(15, 129),
(17, 129),
(21, 129),
(14, 129),
(24, 129),
(27, 129),
(22, 129),
(18, 129),
(16, 129),
(23, 129),
(32, 129),
(35, 129),
(33, 129),
(36, 129),
(37, 129),
(31, 129),
(38, 129),
(49, 129),
(46, 129),
(40, 129),
(2, 130),
(4, 130),
(13, 130),
(28, 130),
(7, 130),
(12, 130),
(25, 130),
(26, 130),
(20, 130),
(19, 130),
(34, 130),
(39, 130),
(41, 130),
(43, 130),
(45, 130),
(48, 130),
(42, 130),
(50, 130),
(47, 130),
(2, 131),
(4, 131),
(12, 131),
(30, 131),
(29, 131),
(7, 131),
(13, 131),
(19, 131),
(23, 131),
(25, 131),
(27, 131),
(21, 131),
(22, 131),
(15, 131),
(26, 131),
(16, 131),
(20, 131),
(14, 131),
(33, 131),
(38, 131),
(37, 131),
(34, 131),
(35, 131),
(36, 131),
(31, 131),
(45, 131),
(43, 131),
(49, 131),
(46, 131),
(50, 131),
(39, 131),
(41, 131),
(48, 131),
(1, 132),
(5, 132),
(8, 132),
(28, 132),
(11, 132),
(10, 132),
(9, 132),
(6, 132),
(17, 132),
(18, 132),
(24, 132),
(32, 132),
(47, 132),
(44, 132),
(2, 133),
(5, 133),
(10, 133),
(28, 133),
(6, 133),
(13, 133),
(8, 133),
(12, 133),
(14, 133),
(23, 133),
(17, 133),
(21, 133),
(25, 133),
(20, 133),
(24, 133),
(15, 133),
(19, 133),
(27, 133),
(26, 133),
(18, 133),
(16, 133),
(22, 133),
(36, 133),
(32, 133),
(34, 133),
(33, 133),
(38, 133),
(31, 133),
(35, 133),
(37, 133),
(40, 133),
(47, 133),
(48, 133),
(50, 133),
(42, 133),
(1, 134),
(4, 134),
(11, 134),
(30, 134),
(7, 134),
(45, 134),
(46, 134),
(39, 134),
(44, 134),
(43, 134),
(1, 135),
(4, 135),
(12, 135),
(29, 135),
(13, 135),
(9, 135),
(11, 135),
(7, 135),
(6, 135),
(27, 135),
(21, 135),
(15, 135),
(23, 135),
(24, 135),
(16, 135),
(17, 135),
(22, 135),
(19, 135),
(37, 135),
(32, 135),
(31, 135),
(49, 135),
(47, 135),
(42, 135),
(44, 135),
(45, 135),
(43, 135),
(50, 135),
(48, 135),
(40, 135),
(41, 135),
(2, 136),
(3, 136),
(8, 136),
(30, 136),
(10, 136),
(25, 136),
(26, 136),
(18, 136),
(33, 136),
(38, 136),
(39, 136),
(46, 136),
(2, 137),
(4, 137),
(7, 137),
(30, 137),
(8, 137),
(6, 137),
(9, 137),
(13, 137),
(12, 137),
(11, 137),
(22, 137),
(25, 137),
(36, 137),
(37, 137),
(31, 137),
(33, 137),
(38, 137),
(34, 137),
(35, 137),
(32, 137),
(41, 137),
(43, 137),
(42, 137),
(49, 137),
(50, 137),
(48, 137),
(45, 137),
(39, 137),
(44, 137),
(40, 137),
(47, 137),
(1, 138),
(5, 138),
(10, 138),
(29, 138),
(23, 138),
(21, 138),
(27, 138),
(17, 138),
(18, 138),
(26, 138),
(46, 138),
(2, 139),
(5, 139),
(9, 139),
(30, 139),
(6, 139),
(11, 139),
(7, 139),
(17, 139),
(16, 139),
(26, 139),
(15, 139),
(14, 139),
(21, 139),
(23, 139),
(20, 139),
(19, 139),
(22, 139),
(37, 139),
(34, 139),
(32, 139),
(43, 139),
(49, 139),
(41, 139),
(46, 139),
(44, 139),
(48, 139),
(39, 139),
(1, 140),
(3, 140),
(10, 140),
(28, 140),
(12, 140),
(27, 140),
(24, 140),
(18, 140),
(36, 140),
(31, 140),
(35, 140),
(38, 140),
(45, 140),
(47, 140),
(42, 140),
(40, 140),
(50, 140),
(2, 141),
(5, 141),
(9, 141),
(28, 141),
(8, 141),
(10, 141),
(11, 141),
(7, 141),
(6, 141),
(18, 141),
(24, 141),
(22, 141),
(14, 141),
(20, 141),
(19, 141),
(23, 141),
(27, 141),
(17, 141),
(25, 141),
(21, 141),
(36, 141),
(42, 141),
(39, 141),
(44, 141),
(40, 141),
(50, 141),
(43, 141),
(46, 141),
(41, 141),
(1, 142),
(3, 142),
(12, 142),
(29, 142),
(13, 142),
(16, 142),
(26, 142),
(15, 142),
(32, 142),
(33, 142),
(47, 142),
(48, 142),
(1, 143),
(3, 143),
(10, 143),
(30, 143),
(13, 143),
(24, 143),
(27, 143),
(38, 143),
(32, 143),
(31, 143),
(33, 143),
(35, 143),
(34, 143),
(45, 143),
(50, 143),
(39, 143),
(49, 143),
(46, 143),
(41, 143),
(47, 143),
(48, 143),
(42, 143),
(40, 143),
(44, 143),
(2, 144),
(4, 144),
(11, 144),
(29, 144),
(8, 144),
(22, 144),
(25, 144),
(19, 144),
(26, 144),
(14, 144),
(16, 144),
(21, 144),
(36, 144),
(43, 144),
(1, 145),
(5, 145),
(13, 145),
(28, 146),
(30, 145),
(10, 145),
(14, 145),
(25, 145),
(38, 145),
(31, 145),
(35, 145),
(37, 145),
(33, 145),
(34, 145),
(44, 145),
(41, 145),
(46, 145),
(2, 146),
(3, 146),
(6, 146),
(29, 146),
(12, 146),
(11, 146),
(19, 146),
(21, 146),
(17, 146),
(20, 146),
(23, 146),
(27, 146),
(18, 146),
(22, 146),
(24, 146),
(26, 146),
(32, 146),
(36, 146),
(40, 146),
(47, 146),
(48, 146),
(1, 147),
(5, 147),
(6, 147),
(30, 147),
(28, 147),
(13, 147),
(8, 147),
(15, 147),
(16, 147),
(14, 147),
(23, 147),
(26, 147),
(24, 147),
(21, 147),
(17, 147),
(18, 147),
(20, 147),
(25, 147),
(27, 147),
(19, 147),
(22, 147),
(33, 147),
(41, 147),
(2, 148),
(4, 148),
(7, 148),
(29, 148),
(10, 148),
(31, 148),
(32, 148),
(37, 148),
(35, 148),
(48, 148),
(46, 148),
(43, 148),
(44, 148),
(42, 148),
(47, 148),
(1, 149),
(5, 149),
(9, 149),
(28, 149),
(10, 149),
(13, 149),
(6, 149),
(14, 149),
(23, 149),
(15, 149),
(18, 149),
(20, 149),
(16, 149),
(27, 149),
(24, 149),
(26, 149),
(21, 149),
(19, 149),
(32, 149),
(34, 149),
(31, 149),
(45, 149),
(46, 149),
(39, 149),
(44, 149),
(49, 149),
(2, 150),
(4, 150),
(7, 150),
(30, 150),
(12, 150),
(17, 150),
(25, 150),
(38, 150),
(35, 150),
(33, 150),
(36, 150),
(43, 150),
(42, 150),
(50, 150),
(1, 151),
(3, 151),
(12, 151),
(29, 152),
(28, 151),
(6, 151),
(27, 151),
(26, 151),
(23, 151),
(17, 151),
(25, 151),
(14, 151),
(18, 151),
(37, 151),
(36, 151),
(38, 151),
(35, 151),
(34, 151),
(32, 151),
(47, 151),
(45, 151),
(2, 152),
(5, 152),
(7, 152),
(30, 152),
(9, 152),
(10, 152),
(8, 152),
(11, 152),
(13, 152),
(15, 152),
(19, 152),
(31, 152),
(44, 152),
(39, 152),
(49, 152),
(41, 152),
(2, 153),
(3, 153),
(12, 153),
(28, 153),
(8, 153),
(13, 153),
(9, 153),
(6, 153),
(18, 153),
(21, 153),
(24, 153),
(16, 153),
(22, 153),
(17, 153),
(15, 153),
(19, 153),
(14, 153),
(23, 153),
(27, 153),
(35, 153),
(34, 153),
(33, 153),
(31, 153),
(36, 153),
(32, 153),
(41, 153),
(47, 153),
(40, 153),
(1, 154),
(4, 154),
(7, 154),
(29, 154),
(11, 154),
(20, 154),
(37, 154),
(44, 154),
(46, 154),
(45, 154),
(48, 154),
(39, 154),
(49, 154),
(2, 155),
(3, 155),
(13, 155),
(28, 155),
(29, 155),
(9, 155),
(7, 155),
(17, 155),
(25, 155),
(19, 155),
(24, 155),
(33, 155),
(32, 155),
(34, 155),
(36, 155),
(37, 155),
(35, 155),
(31, 155),
(39, 155),
(42, 155),
(48, 155),
(50, 155),
(44, 155),
(1, 156),
(4, 156),
(8, 156),
(30, 156),
(12, 156),
(10, 156),
(6, 156),
(11, 156),
(15, 156),
(18, 156),
(26, 156),
(38, 156),
(47, 156),
(43, 156),
(41, 156),
(49, 156),
(1, 157),
(3, 157),
(8, 157),
(30, 157),
(11, 157),
(7, 157),
(13, 157),
(6, 157),
(12, 157),
(27, 157),
(19, 157),
(20, 157),
(14, 157),
(22, 157),
(26, 157),
(24, 157),
(33, 157),
(31, 157),
(48, 157),
(40, 157),
(49, 157),
(45, 157),
(50, 157),
(46, 157),
(39, 157),
(2, 158),
(5, 158),
(10, 158),
(28, 158),
(9, 158),
(21, 158),
(25, 158),
(18, 158),
(23, 158),
(15, 158),
(37, 158),
(41, 158),
(42, 158),
(44, 158),
(43, 158),
(2, 159),
(4, 159),
(10, 159),
(30, 159),
(28, 159),
(11, 159),
(12, 159),
(17, 159),
(23, 159),
(18, 159),
(16, 159),
(26, 159),
(27, 159),
(15, 159),
(22, 159),
(24, 159),
(21, 159),
(32, 159),
(35, 159),
(36, 159),
(31, 159),
(33, 159),
(34, 159),
(37, 159),
(44, 159),
(45, 159),
(43, 159),
(42, 159),
(46, 159),
(47, 159),
(49, 159),
(48, 159),
(41, 159),
(50, 159),
(40, 159),
(1, 160),
(3, 160),
(8, 160),
(29, 160),
(6, 160),
(25, 160),
(20, 160),
(19, 160),
(38, 160),
(39, 160),
(2, 161),
(5, 161),
(9, 161),
(28, 162),
(29, 161),
(8, 161),
(11, 161),
(10, 161),
(13, 161),
(12, 161),
(6, 161),
(19, 161),
(31, 161),
(34, 161),
(37, 161),
(33, 161),
(38, 161),
(32, 161),
(35, 161),
(36, 161),
(47, 161),
(40, 161),
(50, 161),
(48, 161),
(1, 162),
(3, 162),
(7, 162),
(30, 162),
(24, 162),
(26, 162),
(16, 162),
(21, 162),
(27, 162),
(20, 162),
(15, 162),
(17, 162),
(22, 162),
(23, 162),
(43, 162),
(42, 162),
(46, 162),
(44, 162),
(41, 162),
(39, 162),
(1, 163),
(5, 163),
(9, 163),
(30, 164),
(29, 163),
(8, 163),
(7, 163),
(11, 163),
(10, 163),
(19, 163),
(18, 163),
(27, 163),
(23, 163),
(26, 163),
(36, 163),
(35, 163),
(38, 163),
(34, 163),
(37, 163),
(32, 163),
(33, 163),
(42, 163),
(41, 163),
(40, 163),
(49, 163),
(46, 163),
(45, 163),
(47, 163),
(50, 163),
(43, 163),
(44, 163),
(48, 163),
(39, 163),
(2, 164),
(4, 164),
(13, 164),
(28, 164),
(6, 164),
(12, 164),
(22, 164),
(14, 164),
(17, 164),
(16, 164),
(21, 164),
(31, 164),
(2, 165),
(5, 165),
(8, 165),
(29, 165),
(10, 165),
(9, 165),
(25, 165),
(22, 165),
(27, 165),
(31, 165),
(34, 165),
(37, 165),
(35, 165),
(36, 165),
(33, 165),
(38, 165),
(32, 165),
(47, 165),
(45, 165),
(43, 165),
(1, 166),
(3, 166),
(12, 166),
(28, 166),
(11, 166),
(6, 166),
(14, 166),
(26, 166),
(17, 166),
(15, 166),
(18, 166),
(20, 166),
(19, 166),
(44, 166),
(40, 166),
(50, 166),
(41, 166),
(48, 166),
(46, 166),
(1, 167),
(5, 167),
(8, 167),
(28, 167),
(12, 167),
(13, 167),
(10, 167),
(6, 167),
(11, 167),
(26, 167),
(20, 167),
(15, 167),
(16, 167),
(25, 167),
(19, 167),
(34, 167),
(31, 167),
(32, 167),
(36, 167),
(42, 167),
(50, 167),
(40, 167),
(39, 167),
(44, 167),
(2, 168),
(4, 168),
(9, 168),
(30, 168),
(7, 168),
(27, 168),
(24, 168),
(14, 168),
(18, 168),
(17, 168),
(38, 168),
(37, 168),
(35, 168),
(33, 168),
(45, 168),
(1, 169),
(4, 169),
(11, 169),
(28, 169),
(9, 169),
(8, 169),
(7, 169),
(6, 169),
(10, 169),
(15, 169),
(21, 169),
(17, 169),
(25, 169),
(27, 169),
(26, 169),
(20, 169),
(16, 169),
(23, 169),
(24, 169),
(18, 169),
(19, 169),
(22, 169),
(32, 169),
(36, 169),
(33, 169),
(37, 169),
(31, 169),
(44, 169),
(49, 169),
(46, 169),
(41, 169),
(40, 169),
(2, 170),
(5, 170),
(13, 170),
(29, 170),
(12, 170),
(14, 170),
(38, 170),
(35, 170),
(34, 170),
(39, 170),
(48, 170),
(43, 170),
(50, 170),
(45, 170),
(42, 170),
(47, 170),
(1, 171),
(5, 171),
(8, 171),
(29, 171),
(11, 171),
(6, 171),
(7, 171),
(17, 171),
(27, 171),
(20, 171),
(14, 171),
(25, 171),
(23, 171),
(37, 171),
(33, 171),
(31, 171),
(38, 171),
(34, 171),
(44, 171),
(46, 171),
(45, 171),
(50, 171),
(47, 171),
(2, 172),
(4, 172),
(12, 172),
(28, 172),
(9, 172),
(13, 172),
(26, 172),
(16, 172),
(19, 172),
(15, 172),
(21, 172),
(18, 172),
(22, 172),
(24, 172),
(36, 172),
(35, 172),
(32, 172),
(49, 172),
(40, 172),
(2, 173),
(3, 173),
(13, 173),
(30, 174),
(29, 173),
(11, 173),
(8, 173),
(6, 173),
(26, 173),
(15, 173),
(16, 173),
(17, 173),
(18, 173),
(22, 173),
(19, 173),
(21, 173),
(24, 173),
(14, 173),
(33, 173),
(39, 173),
(48, 173),
(1, 174),
(4, 174),
(7, 174),
(28, 174),
(10, 174),
(27, 174),
(20, 174),
(25, 174),
(23, 174),
(32, 174),
(35, 174),
(37, 174),
(31, 174),
(38, 174),
(34, 174),
(40, 174),
(42, 174),
(46, 174),
(41, 174),
(49, 174),
(50, 174),
(44, 174),
(47, 174),
(43, 174),
(45, 174),
(1, 175),
(5, 175),
(12, 175),
(28, 175),
(8, 175),
(10, 175),
(7, 175),
(11, 175),
(24, 175),
(15, 175),
(18, 175),
(36, 175),
(33, 175),
(47, 175),
(39, 175),
(49, 175),
(43, 175),
(45, 175),
(46, 175),
(40, 175),
(41, 175),
(42, 175),
(50, 175),
(48, 175),
(44, 175),
(2, 176),
(3, 176),
(9, 176),
(30, 176),
(13, 176),
(6, 176),
(21, 176),
(14, 176),
(20, 176),
(25, 176),
(16, 176),
(23, 176),
(26, 176),
(27, 176),
(19, 176),
(22, 176),
(32, 176),
(31, 176),
(34, 176),
(2, 177),
(5, 177),
(10, 177),
(28, 177),
(13, 177),
(6, 177),
(9, 177),
(8, 177),
(11, 177),
(25, 177),
(22, 177),
(23, 177),
(37, 177),
(36, 177),
(38, 177),
(33, 177),
(31, 177),
(32, 177),
(35, 177),
(44, 177),
(47, 177),
(50, 177),
(40, 177),
(42, 177),
(48, 177),
(1, 178),
(4, 178),
(12, 178),
(29, 178),
(7, 178),
(18, 178),
(34, 178),
(43, 178),
(46, 178),
(49, 178),
(41, 178),
(1, 179),
(3, 179),
(7, 179),
(28, 179),
(29, 179),
(10, 179),
(11, 179),
(23, 179),
(16, 179),
(26, 179),
(21, 179),
(15, 179),
(25, 179),
(17, 179),
(14, 179),
(27, 179),
(18, 179),
(32, 179),
(31, 179),
(37, 179),
(42, 179),
(41, 179),
(40, 179),
(43, 179),
(2, 180),
(5, 180),
(12, 180),
(30, 180),
(13, 180),
(6, 180),
(9, 180),
(8, 180),
(20, 180),
(22, 180),
(38, 180),
(39, 180),
(49, 180),
(46, 180),
(44, 180),
(47, 180),
(50, 180),
(45, 180),
(2, 181),
(5, 181),
(13, 181),
(29, 181),
(30, 181),
(8, 181),
(7, 181),
(11, 181),
(12, 181),
(10, 181),
(6, 181),
(14, 181),
(38, 181),
(32, 181),
(31, 181),
(35, 181),
(37, 181),
(50, 181),
(45, 181),
(44, 181),
(48, 181),
(1, 182),
(3, 182),
(9, 182),
(28, 182),
(24, 182),
(15, 182),
(17, 182),
(26, 182),
(16, 182),
(33, 182),
(49, 182),
(39, 182),
(40, 182),
(41, 182),
(42, 182),
(46, 182),
(47, 182),
(1, 183),
(5, 183),
(7, 183),
(28, 183),
(6, 183),
(13, 183),
(11, 183),
(15, 183),
(19, 183),
(25, 183),
(14, 183),
(31, 183),
(37, 183),
(32, 183),
(50, 183),
(41, 183),
(44, 183),
(42, 183),
(49, 183),
(48, 183),
(45, 183),
(2, 184),
(4, 184),
(12, 184),
(30, 184),
(9, 184),
(8, 184),
(23, 184),
(17, 184),
(35, 184),
(34, 184),
(38, 184),
(33, 184),
(40, 184),
(39, 184),
(47, 184),
(46, 184),
(43, 184),
(2, 185),
(5, 185),
(12, 185),
(30, 185),
(9, 185),
(11, 185),
(6, 185),
(7, 185),
(10, 185),
(21, 185),
(20, 185),
(22, 185),
(17, 185),
(23, 185),
(27, 185),
(16, 185),
(14, 185),
(18, 185),
(24, 185),
(32, 185),
(34, 185),
(35, 185),
(33, 185),
(31, 185),
(38, 185),
(40, 185),
(42, 185),
(49, 185),
(39, 185),
(48, 185),
(41, 185),
(50, 185),
(44, 185),
(1, 186),
(3, 186),
(13, 186),
(29, 186),
(8, 186),
(25, 186),
(26, 186),
(36, 186),
(37, 186),
(43, 186),
(45, 186),
(46, 186),
(47, 186),
(2, 187),
(5, 187),
(8, 187),
(28, 187),
(12, 187),
(9, 187),
(11, 187),
(13, 187),
(7, 187),
(23, 187),
(20, 187),
(18, 187),
(27, 187),
(21, 187),
(16, 187),
(24, 187),
(25, 187),
(26, 187),
(22, 187),
(19, 187),
(15, 187),
(38, 187),
(32, 187),
(31, 187),
(33, 187),
(35, 187),
(40, 187),
(44, 187),
(50, 187),
(41, 187),
(39, 187),
(45, 187),
(1, 188),
(4, 188),
(6, 188),
(29, 188),
(10, 188),
(14, 188),
(17, 188),
(37, 188),
(47, 188),
(49, 188),
(46, 188),
(42, 188),
(48, 188),
(1, 189),
(4, 189),
(8, 189),
(29, 189),
(30, 189),
(6, 189),
(13, 189),
(19, 189),
(32, 189),
(37, 189),
(33, 189),
(38, 189),
(31, 189),
(34, 189),
(50, 189),
(41, 189),
(2, 190),
(3, 190),
(7, 190),
(28, 190),
(11, 190),
(17, 190),
(16, 190),
(20, 190),
(26, 190),
(25, 190),
(27, 190),
(35, 190),
(36, 190),
(40, 190),
(48, 190),
(49, 190),
(1, 191),
(4, 191),
(7, 191),
(30, 191),
(11, 191),
(9, 191),
(6, 191),
(12, 191),
(10, 191),
(8, 191),
(20, 191),
(18, 191),
(15, 191),
(23, 191),
(14, 191),
(19, 191),
(34, 191),
(37, 191),
(38, 191),
(36, 191),
(32, 191),
(31, 191),
(33, 191),
(48, 191),
(43, 191),
(47, 191),
(2, 192),
(5, 192),
(13, 192),
(28, 192),
(26, 192),
(16, 192),
(27, 192),
(35, 192),
(50, 192),
(2, 193),
(3, 193),
(9, 193),
(28, 193),
(29, 193),
(7, 193),
(20, 193),
(15, 193),
(18, 193),
(24, 193),
(16, 193),
(22, 193),
(19, 193),
(26, 193),
(23, 193),
(25, 193),
(21, 193),
(17, 193),
(14, 193),
(27, 193),
(35, 193),
(32, 193),
(37, 193),
(33, 193),
(38, 193),
(49, 193),
(42, 193),
(50, 193),
(44, 193),
(40, 193),
(46, 193),
(1, 194),
(5, 194),
(10, 194),
(30, 194),
(6, 194),
(8, 194),
(36, 194),
(31, 194),
(34, 194),
(45, 194),
(48, 194),
(39, 194),
(47, 194),
(2, 195),
(4, 195),
(8, 195),
(28, 195),
(29, 195),
(11, 195),
(13, 195),
(9, 195),
(6, 195),
(18, 195),
(14, 195),
(22, 195),
(35, 195),
(32, 195),
(50, 195),
(48, 195),
(44, 195),
(46, 195),
(39, 195),
(49, 195),
(40, 195),
(1, 196),
(5, 196),
(10, 196),
(30, 196),
(12, 196),
(7, 196),
(17, 196),
(19, 196),
(23, 196),
(25, 196),
(27, 196),
(15, 196),
(20, 196),
(16, 196),
(37, 196),
(36, 196),
(33, 196),
(41, 196),
(43, 196),
(45, 196),
(2, 197),
(5, 197),
(10, 197),
(30, 198),
(28, 197),
(6, 197),
(8, 197),
(12, 197),
(15, 197),
(24, 197),
(14, 197),
(31, 197),
(34, 197),
(35, 197),
(37, 197),
(36, 197),
(38, 197),
(33, 197),
(49, 197),
(45, 197),
(42, 197),
(40, 197),
(44, 197),
(41, 197),
(43, 197),
(1, 198),
(4, 198),
(11, 198),
(29, 198),
(9, 198),
(16, 198),
(26, 198),
(19, 198),
(21, 198),
(32, 198),
(48, 198),
(39, 198),
(47, 198),
(2, 199),
(4, 199),
(10, 199),
(30, 199),
(11, 199),
(6, 199),
(8, 199),
(22, 199),
(16, 199),
(20, 199),
(14, 199),
(15, 199),
(24, 199),
(18, 199),
(21, 199),
(23, 199),
(34, 199),
(37, 199),
(38, 199),
(31, 199),
(35, 199),
(36, 199),
(48, 199),
(44, 199),
(47, 199),
(42, 199),
(50, 199),
(1, 200),
(3, 200),
(7, 200),
(28, 200),
(13, 200),
(9, 200),
(25, 200),
(17, 200),
(27, 200),
(32, 200),
(33, 200),
(49, 200),
(2, 201),
(3, 201),
(13, 201),
(30, 201),
(29, 201),
(7, 201),
(25, 201),
(27, 201),
(14, 201),
(17, 201),
(15, 201),
(18, 201),
(23, 201),
(19, 201),
(20, 201),
(16, 201),
(22, 201),
(21, 201),
(26, 201),
(24, 201),
(31, 201),
(34, 201),
(37, 201),
(35, 201),
(33, 201),
(32, 201),
(36, 201),
(38, 201),
(45, 201),
(42, 201),
(48, 201),
(50, 201),
(44, 201),
(40, 201),
(47, 201),
(39, 201),
(43, 201),
(1, 202),
(4, 202),
(8, 202),
(28, 202),
(10, 202),
(9, 202),
(11, 202),
(46, 202),
(2, 203),
(3, 203),
(10, 203),
(28, 204),
(30, 203),
(6, 203),
(13, 203),
(11, 203),
(12, 203),
(18, 203),
(25, 203),
(24, 203),
(21, 203),
(22, 203),
(26, 203),
(27, 203),
(14, 203),
(15, 203),
(17, 203),
(20, 203),
(35, 203),
(45, 203),
(1, 204),
(4, 204),
(7, 204),
(29, 204),
(9, 204),
(23, 204),
(16, 204),
(19, 204),
(33, 204),
(36, 204),
(31, 204),
(37, 204),
(50, 204),
(39, 204),
(43, 204),
(48, 204),
(49, 204),
(40, 204),
(44, 204),
(42, 204),
(1, 205),
(3, 205),
(11, 205),
(29, 205),
(9, 205),
(6, 205),
(8, 205),
(10, 205),
(12, 205),
(19, 205),
(25, 205),
(20, 205),
(14, 205),
(36, 205),
(31, 205),
(32, 205),
(37, 205),
(38, 205),
(34, 205),
(33, 205),
(49, 205),
(39, 205),
(45, 205),
(43, 205),
(48, 205),
(44, 205),
(46, 205),
(50, 205),
(47, 205),
(41, 205),
(42, 205),
(40, 205),
(2, 206),
(5, 206),
(7, 206),
(30, 206),
(13, 206),
(27, 206),
(35, 206),
(2, 207),
(5, 207),
(12, 207),
(29, 207),
(8, 207),
(15, 207),
(22, 207),
(25, 207),
(27, 207),
(18, 207),
(35, 207),
(37, 207),
(38, 207),
(32, 207),
(33, 207),
(34, 207),
(36, 207),
(31, 207),
(41, 207),
(43, 207),
(1, 208),
(4, 208),
(9, 208),
(28, 208),
(7, 208),
(6, 208),
(13, 208),
(11, 208),
(10, 208),
(23, 208),
(17, 208),
(19, 208),
(14, 208),
(21, 208),
(24, 208),
(16, 208),
(26, 208),
(20, 208),
(44, 208),
(46, 208),
(42, 208),
(47, 208),
(50, 208),
(1, 209),
(3, 209),
(9, 209),
(30, 210),
(28, 209),
(6, 209),
(8, 209),
(13, 209),
(14, 209),
(26, 209),
(24, 209),
(20, 209),
(27, 209),
(25, 209),
(21, 209),
(16, 209),
(32, 209),
(36, 209),
(37, 209),
(34, 209),
(35, 209),
(31, 209),
(50, 209),
(44, 209),
(47, 209),
(43, 209),
(49, 209),
(45, 209),
(41, 209),
(46, 209),
(42, 209),
(39, 209),
(40, 209),
(2, 210),
(5, 210),
(11, 210),
(29, 210),
(10, 210),
(17, 210),
(18, 210),
(23, 210),
(15, 210),
(22, 210),
(19, 210),
(33, 210),
(38, 210),
(48, 210),
(1, 211),
(5, 211),
(8, 211),
(29, 211),
(12, 211),
(6, 211),
(9, 211),
(21, 211),
(20, 211),
(19, 211),
(24, 211),
(17, 211),
(15, 211),
(14, 211),
(25, 211),
(31, 211),
(34, 211),
(37, 211),
(36, 211),
(33, 211),
(38, 211),
(48, 211),
(49, 211),
(50, 211),
(45, 211),
(46, 211),
(39, 211),
(43, 211),
(40, 211),
(41, 211),
(47, 211),
(42, 211),
(44, 211),
(2, 212),
(4, 212),
(11, 212),
(28, 212),
(10, 212),
(7, 212),
(27, 212),
(32, 212),
(35, 212),
(1, 213),
(4, 213),
(8, 213),
(29, 213),
(12, 213),
(9, 213),
(10, 213),
(7, 213),
(13, 213),
(11, 213),
(20, 213),
(14, 213),
(17, 213),
(22, 213),
(24, 213),
(15, 213),
(26, 213),
(38, 213),
(33, 213),
(31, 213),
(35, 213),
(39, 213),
(43, 213),
(46, 213),
(50, 213),
(45, 213),
(48, 213),
(41, 213),
(42, 213),
(2, 214),
(3, 214),
(6, 214),
(30, 214),
(21, 214),
(27, 214),
(16, 214),
(36, 214),
(32, 214),
(37, 214),
(44, 214),
(47, 214),
(40, 214),
(1, 215),
(3, 215),
(7, 215),
(30, 215),
(9, 215),
(12, 215),
(24, 215),
(26, 215),
(21, 215),
(19, 215),
(18, 215),
(25, 215),
(23, 215),
(17, 215),
(16, 215),
(22, 215),
(15, 215),
(14, 215),
(32, 215),
(43, 215),
(39, 215),
(49, 215),
(45, 215),
(41, 215),
(2, 216),
(4, 216),
(11, 216),
(28, 216),
(13, 216),
(8, 216),
(6, 216),
(10, 216),
(20, 216),
(27, 216),
(33, 216),
(36, 216),
(37, 216),
(31, 216),
(46, 216),
(47, 216),
(42, 216),
(50, 216),
(44, 216),
(40, 216),
(2, 217),
(3, 217),
(13, 217),
(29, 217),
(7, 217),
(23, 217),
(15, 217),
(14, 217),
(17, 217),
(27, 217),
(24, 217),
(20, 217),
(26, 217),
(25, 217),
(37, 217),
(38, 217),
(36, 217),
(31, 217),
(35, 217),
(34, 217),
(42, 217),
(43, 217),
(45, 217),
(39, 217),
(48, 217),
(41, 217),
(46, 217),
(47, 217),
(40, 217),
(44, 217),
(49, 217),
(1, 218),
(4, 218),
(11, 218),
(30, 218),
(12, 218),
(8, 218),
(9, 218),
(18, 218),
(19, 218),
(22, 218),
(16, 218),
(33, 218),
(50, 218),
(1, 219),
(4, 219),
(7, 219),
(28, 219),
(12, 219),
(9, 219),
(17, 219),
(24, 219),
(22, 219),
(20, 219),
(27, 219),
(25, 219),
(19, 219),
(21, 219),
(36, 219),
(31, 219),
(37, 219),
(32, 219),
(44, 219),
(47, 219),
(39, 219),
(48, 219),
(49, 219),
(40, 219),
(43, 219),
(2, 220),
(3, 220),
(13, 220),
(29, 220),
(6, 220),
(11, 220),
(8, 220),
(10, 220),
(16, 220),
(26, 220),
(18, 220),
(34, 220),
(35, 220),
(42, 220),
(46, 220),
(50, 220),
(45, 220),
(41, 220),
(2, 221),
(5, 221),
(9, 221),
(30, 222),
(29, 221),
(13, 221),
(12, 221),
(8, 221),
(7, 221),
(19, 221),
(18, 221),
(17, 221),
(22, 221),
(21, 221),
(23, 221),
(24, 221),
(20, 221),
(32, 221),
(38, 221),
(34, 221),
(36, 221),
(37, 221),
(33, 221),
(31, 221),
(48, 221),
(39, 221),
(46, 221),
(44, 221),
(47, 221),
(42, 221),
(43, 221),
(50, 221),
(40, 221),
(49, 221),
(1, 222),
(3, 222),
(6, 222),
(28, 222),
(11, 222),
(25, 222),
(27, 222),
(15, 222),
(26, 222),
(16, 222),
(14, 222),
(35, 222),
(45, 222),
(41, 222),
(1, 223),
(4, 223),
(6, 223),
(29, 223),
(10, 223),
(12, 223),
(9, 223),
(8, 223),
(7, 223),
(18, 223),
(14, 223),
(22, 223),
(24, 223),
(20, 223),
(27, 223),
(21, 223),
(15, 223),
(25, 223),
(26, 223),
(16, 223),
(32, 223),
(38, 223),
(33, 223),
(37, 223),
(46, 223),
(2, 224),
(3, 224),
(13, 224),
(28, 224),
(11, 224),
(19, 224),
(23, 224),
(17, 224),
(36, 224),
(47, 224),
(49, 224),
(40, 224),
(45, 224),
(39, 224),
(48, 224),
(50, 224),
(41, 224),
(44, 224),
(1, 225),
(5, 225),
(6, 225),
(28, 225),
(30, 225),
(8, 225),
(10, 225),
(9, 225),
(11, 225),
(12, 225),
(7, 225),
(24, 225),
(25, 225),
(19, 225),
(16, 225),
(32, 225),
(35, 225),
(34, 225),
(31, 225),
(33, 225),
(37, 225),
(36, 225),
(46, 225),
(50, 225),
(47, 225),
(44, 225),
(49, 225),
(45, 225),
(2, 226),
(3, 226),
(13, 226),
(29, 226),
(21, 226),
(26, 226),
(22, 226),
(23, 226),
(17, 226),
(15, 226),
(18, 226),
(14, 226),
(20, 226),
(27, 226),
(38, 226),
(48, 226),
(42, 226),
(2, 227),
(5, 227),
(11, 227),
(28, 227),
(8, 227),
(7, 227),
(22, 227),
(17, 227),
(20, 227),
(21, 227),
(23, 227),
(35, 227),
(38, 227),
(37, 227),
(49, 227),
(41, 227),
(39, 227),
(44, 227),
(42, 227),
(45, 227),
(50, 227),
(43, 227),
(47, 227),
(40, 227),
(46, 227),
(1, 228),
(4, 228),
(12, 228),
(29, 228),
(6, 228),
(10, 228),
(13, 228),
(9, 228),
(14, 228),
(26, 228),
(16, 228),
(27, 228),
(19, 228),
(34, 228),
(32, 228),
(33, 228),
(36, 228),
(31, 228),
(48, 228),
(1, 229),
(4, 229),
(12, 229),
(29, 229),
(6, 229),
(9, 229),
(11, 229),
(27, 229),
(33, 229),
(36, 229),
(35, 229),
(32, 229),
(38, 229),
(31, 229),
(49, 229),
(48, 229),
(39, 229),
(44, 229),
(42, 229),
(2, 230),
(3, 230),
(10, 230),
(30, 230),
(8, 230),
(13, 230),
(7, 230),
(22, 230),
(25, 230),
(16, 230),
(37, 230),
(50, 230),
(47, 230),
(40, 230),
(45, 230),
(41, 230),
(46, 230),
(2, 231),
(5, 231),
(9, 231),
(30, 231),
(7, 231),
(19, 231),
(18, 231),
(25, 231),
(15, 231),
(17, 231),
(26, 231),
(20, 231),
(32, 231),
(34, 231),
(33, 231),
(37, 231),
(38, 231),
(31, 231),
(43, 231),
(47, 231),
(45, 231),
(48, 231),
(46, 231),
(42, 231),
(41, 231),
(50, 231),
(49, 231),
(1, 232),
(3, 232),
(10, 232),
(29, 232),
(11, 232),
(13, 232),
(12, 232),
(8, 232),
(14, 232),
(21, 232),
(23, 232),
(27, 232),
(22, 232),
(24, 232),
(16, 232),
(35, 232),
(40, 232),
(44, 232),
(2, 233),
(3, 233),
(12, 233),
(29, 233),
(28, 233),
(9, 233),
(8, 233),
(6, 233),
(7, 233),
(26, 233),
(21, 233),
(16, 233),
(14, 233),
(19, 233),
(15, 233),
(18, 233),
(23, 233),
(32, 233),
(35, 233),
(43, 233),
(44, 233),
(46, 233),
(39, 233),
(1, 234),
(5, 234),
(10, 234),
(30, 234),
(11, 234),
(13, 234),
(22, 234),
(25, 234),
(24, 234),
(20, 234),
(31, 234),
(34, 234),
(37, 234),
(49, 234),
(45, 234),
(50, 234),
(47, 234),
(48, 234),
(2, 235),
(5, 235),
(7, 235),
(29, 235),
(30, 235),
(9, 235),
(8, 235),
(6, 235),
(11, 235),
(20, 235),
(37, 235),
(50, 235),
(48, 235),
(43, 235),
(40, 235),
(39, 235),
(49, 235),
(45, 235),
(44, 235),
(47, 235),
(41, 235),
(46, 235),
(42, 235),
(1, 236),
(3, 236),
(13, 236),
(28, 236),
(12, 236),
(22, 236),
(21, 236),
(14, 236),
(16, 236),
(23, 236),
(15, 236),
(19, 236),
(32, 236),
(35, 236),
(38, 236),
(31, 236),
(34, 236),
(36, 236),
(33, 236),
(1, 237),
(5, 237),
(13, 237),
(28, 237),
(7, 237),
(10, 237),
(11, 237),
(9, 237),
(8, 237),
(12, 237),
(14, 237),
(15, 237),
(25, 237),
(22, 237),
(21, 237),
(20, 237),
(17, 237),
(18, 237),
(38, 237),
(31, 237),
(35, 237),
(32, 237),
(50, 237),
(40, 237),
(2, 238),
(4, 238),
(6, 238),
(29, 238),
(27, 238),
(16, 238),
(19, 238),
(24, 238),
(23, 238),
(33, 238),
(34, 238),
(37, 238),
(42, 238),
(45, 238),
(43, 238),
(48, 238),
(44, 238),
(46, 238),
(41, 238),
(47, 238),
(39, 238),
(2, 239),
(4, 239),
(10, 239),
(29, 239),
(8, 239),
(15, 239),
(19, 239),
(20, 239),
(16, 239),
(17, 239),
(18, 239),
(23, 239),
(24, 239),
(27, 239),
(26, 239),
(25, 239),
(14, 239),
(22, 239),
(31, 239),
(33, 239),
(36, 239),
(48, 239),
(45, 239),
(39, 239),
(42, 239),
(44, 239),
(47, 239),
(40, 239),
(43, 239),
(50, 239),
(46, 239),
(49, 239),
(41, 239),
(1, 240),
(3, 240),
(7, 240),
(28, 240),
(9, 240),
(13, 240),
(12, 240),
(11, 240),
(6, 240),
(21, 240),
(35, 240),
(2, 241),
(4, 241),
(8, 241),
(28, 242),
(30, 241),
(11, 241),
(12, 241),
(6, 241),
(7, 241),
(20, 241),
(24, 241),
(19, 241),
(22, 241),
(26, 241),
(27, 241),
(33, 241),
(32, 241),
(36, 241),
(31, 241),
(34, 241),
(50, 241),
(43, 241),
(49, 241),
(42, 241),
(40, 241),
(44, 241),
(46, 241),
(47, 241),
(1, 242),
(3, 242),
(13, 242),
(29, 242),
(9, 242),
(10, 242),
(15, 242),
(16, 242),
(37, 242),
(35, 242),
(38, 242),
(41, 242),
(39, 242),
(45, 242),
(1, 243),
(4, 243),
(13, 243),
(28, 243),
(30, 243),
(8, 243),
(21, 243),
(22, 243),
(24, 243),
(20, 243),
(17, 243),
(37, 243),
(33, 243),
(48, 243),
(42, 243),
(45, 243),
(47, 243),
(49, 243),
(43, 243),
(50, 243),
(44, 243),
(41, 243),
(39, 243),
(40, 243),
(46, 243),
(2, 244),
(5, 244),
(7, 244),
(29, 244),
(11, 244),
(19, 244),
(25, 244),
(15, 244),
(14, 244),
(26, 244),
(23, 244),
(27, 244),
(18, 244),
(31, 244),
(35, 244),
(34, 244),
(38, 244),
(36, 244),
(2, 245),
(5, 245),
(9, 245),
(29, 245),
(13, 245),
(6, 245),
(10, 245),
(11, 245),
(12, 245),
(7, 245),
(20, 245),
(27, 245),
(18, 245),
(31, 245),
(35, 245),
(37, 245),
(49, 245),
(47, 245),
(50, 245),
(42, 245),
(44, 245),
(41, 245),
(46, 245),
(1, 246),
(3, 246),
(8, 246),
(28, 246),
(14, 246),
(15, 246),
(17, 246),
(16, 246),
(21, 246),
(19, 246),
(33, 246),
(36, 246),
(38, 246),
(34, 246),
(32, 246),
(43, 246),
(40, 246),
(2, 247),
(4, 247),
(6, 247),
(30, 247),
(12, 247),
(8, 247),
(26, 247),
(15, 247),
(36, 247),
(38, 247),
(34, 247),
(35, 247),
(43, 247),
(49, 247),
(45, 247),
(46, 247),
(42, 247),
(47, 247),
(48, 247),
(41, 247),
(44, 247),
(40, 247),
(1, 248),
(5, 248),
(11, 248),
(29, 248),
(13, 248),
(10, 248),
(21, 248),
(23, 248),
(27, 248),
(14, 248),
(18, 248),
(22, 248),
(17, 248),
(20, 248),
(24, 248),
(25, 248),
(16, 248),
(31, 248),
(37, 248),
(33, 248),
(32, 248),
(50, 248),
(39, 248),
(1, 249),
(3, 249),
(12, 249),
(30, 249),
(13, 249),
(11, 249),
(10, 249),
(8, 249),
(16, 249),
(38, 249),
(33, 249),
(50, 249),
(44, 249),
(41, 249),
(48, 249),
(45, 249),
(42, 249),
(39, 249),
(43, 249),
(49, 249),
(40, 249),
(2, 250),
(4, 250),
(7, 250),
(28, 250),
(9, 250),
(15, 250),
(17, 250),
(23, 250),
(14, 250),
(25, 250),
(24, 250),
(20, 250),
(18, 250),
(22, 250),
(19, 250),
(36, 250),
(32, 250),
(35, 250),
(34, 250),
(37, 250),
(47, 250),
(46, 250),
(2, 251),
(4, 251),
(8, 251),
(28, 251),
(13, 251),
(12, 251),
(7, 251),
(9, 251),
(6, 251),
(21, 251),
(15, 251),
(19, 251),
(18, 251),
(22, 251),
(16, 251),
(24, 251),
(25, 251),
(37, 251),
(32, 251),
(33, 251),
(41, 251),
(42, 251),
(49, 251),
(44, 251),
(48, 251),
(46, 251),
(45, 251),
(1, 252),
(5, 252),
(11, 252),
(30, 252),
(10, 252),
(23, 252),
(14, 252),
(17, 252),
(20, 252),
(38, 252),
(36, 252),
(35, 252),
(31, 252),
(34, 252),
(39, 252),
(50, 252),
(43, 252),
(47, 252),
(40, 252),
(1, 253),
(3, 253),
(10, 253),
(28, 253),
(11, 253),
(13, 253),
(7, 253),
(15, 253),
(20, 253),
(22, 253),
(25, 253),
(21, 253),
(14, 253),
(17, 253),
(18, 253),
(26, 253),
(24, 253),
(23, 253),
(32, 253),
(34, 253),
(39, 253),
(43, 253),
(45, 253),
(49, 253),
(41, 253),
(50, 253),
(2, 254),
(4, 254),
(6, 254),
(30, 254),
(8, 254),
(16, 254),
(35, 254),
(38, 254),
(33, 254),
(40, 254),
(47, 254),
(44, 254),
(42, 254),
(2, 255),
(5, 255),
(11, 255),
(30, 255),
(8, 255),
(10, 255),
(13, 255),
(12, 255),
(16, 255),
(27, 255),
(23, 255),
(25, 255),
(14, 255),
(17, 255),
(26, 255),
(20, 255),
(18, 255),
(19, 255),
(21, 255),
(24, 255),
(22, 255),
(15, 255),
(36, 255),
(34, 255),
(37, 255),
(48, 255),
(50, 255),
(45, 255),
(42, 255),
(49, 255),
(44, 255),
(40, 255),
(39, 255),
(41, 255),
(43, 255),
(47, 255),
(46, 255),
(1, 256),
(4, 256),
(7, 256),
(29, 256),
(6, 256),
(35, 256),
(33, 256),
(32, 256),
(38, 256),
(1, 257),
(5, 257),
(8, 257),
(29, 257),
(9, 257),
(13, 257),
(6, 257),
(12, 257),
(11, 257),
(17, 257),
(23, 257),
(22, 257),
(27, 257),
(35, 257),
(37, 257),
(33, 257),
(41, 257),
(39, 257),
(44, 257),
(45, 257),
(43, 257),
(42, 257),
(40, 257),
(48, 257),
(2, 258),
(4, 258),
(10, 258),
(28, 258),
(7, 258),
(18, 258),
(14, 258),
(16, 258),
(20, 258),
(15, 258),
(25, 258),
(24, 258),
(26, 258),
(21, 258),
(38, 258),
(49, 258),
(50, 258),
(46, 258),
(47, 258),
(1, 259),
(4, 259),
(7, 259),
(28, 259),
(6, 259),
(10, 259),
(12, 259),
(21, 259),
(14, 259),
(23, 259),
(16, 259),
(19, 259),
(15, 259),
(17, 259),
(24, 259),
(35, 259),
(38, 259),
(37, 259),
(33, 259),
(31, 259),
(34, 259),
(32, 259),
(36, 259),
(47, 259),
(44, 259),
(41, 259),
(43, 259),
(40, 259),
(42, 259),
(46, 259),
(39, 259),
(45, 259),
(48, 259),
(2, 260),
(3, 260),
(11, 260),
(29, 260),
(13, 260),
(20, 260),
(18, 260),
(27, 260),
(25, 260),
(50, 260),
(1, 261),
(4, 261),
(11, 261),
(28, 261),
(29, 261),
(9, 261),
(13, 261),
(17, 261),
(25, 261),
(21, 261),
(24, 261),
(26, 261),
(19, 261),
(18, 261),
(34, 261),
(38, 261),
(32, 261),
(31, 261),
(36, 261),
(37, 261),
(39, 261),
(43, 261),
(44, 261),
(45, 261),
(49, 261),
(40, 261),
(47, 261),
(41, 261),
(42, 261),
(2, 262),
(3, 262),
(7, 262),
(30, 262),
(10, 262),
(12, 262),
(8, 262),
(6, 262),
(16, 262),
(27, 262),
(23, 262),
(15, 262),
(20, 262),
(22, 262),
(14, 262),
(35, 262),
(33, 262),
(48, 262),
(2, 263),
(4, 263),
(6, 263),
(29, 263),
(7, 263),
(8, 263),
(12, 263),
(10, 263),
(25, 263),
(27, 263),
(19, 263),
(20, 263),
(17, 263),
(26, 263),
(15, 263),
(14, 263),
(31, 263),
(34, 263),
(35, 263),
(48, 263),
(46, 263),
(47, 263),
(1, 264),
(3, 264),
(9, 264),
(28, 264),
(11, 264),
(13, 264),
(23, 264),
(22, 264),
(33, 264),
(41, 264),
(44, 264),
(43, 264),
(2, 265),
(5, 265),
(12, 265),
(30, 265),
(10, 265),
(11, 265),
(7, 265),
(13, 265),
(9, 265),
(8, 265),
(15, 265),
(19, 265),
(25, 265),
(14, 265),
(27, 265),
(18, 265),
(17, 265),
(24, 265),
(22, 265),
(21, 265),
(23, 265),
(32, 265),
(49, 265),
(48, 265),
(46, 265),
(47, 265),
(43, 265),
(40, 265),
(45, 265),
(44, 265),
(41, 265),
(42, 265),
(39, 265),
(1, 266),
(4, 266),
(6, 266),
(29, 266),
(16, 266),
(20, 266),
(26, 266),
(38, 266),
(35, 266),
(50, 266),
(2, 267),
(4, 267),
(11, 267),
(30, 267),
(8, 267),
(6, 267),
(9, 267),
(7, 267),
(12, 267),
(16, 267),
(21, 267),
(17, 267),
(19, 267),
(37, 267),
(34, 267),
(36, 267),
(33, 267),
(31, 267),
(38, 267),
(41, 267),
(45, 267),
(40, 267),
(47, 267),
(49, 267),
(1, 268),
(5, 268),
(10, 268),
(28, 268),
(13, 268),
(26, 268),
(25, 268),
(20, 268),
(18, 268),
(14, 268),
(27, 268),
(15, 268),
(32, 268),
(43, 268),
(50, 268),
(46, 268),
(44, 268),
(42, 268),
(1, 269),
(3, 269),
(13, 269),
(30, 270),
(28, 269),
(12, 269),
(10, 269),
(6, 269),
(23, 269),
(21, 269),
(16, 269),
(24, 269),
(26, 269),
(19, 269),
(14, 269),
(17, 269),
(36, 269),
(31, 269),
(32, 269),
(33, 269),
(37, 269),
(35, 269),
(34, 269),
(38, 269),
(48, 269),
(40, 269),
(2, 270),
(4, 270),
(11, 270),
(29, 270),
(8, 270),
(22, 270),
(25, 270),
(47, 270),
(46, 270),
(39, 270),
(45, 270),
(42, 270),
(44, 270),
(43, 270),
(2, 271),
(3, 271),
(8, 271),
(28, 271),
(7, 271),
(10, 271),
(12, 271),
(22, 271),
(20, 271),
(17, 271),
(24, 271),
(23, 271),
(37, 271),
(32, 271),
(36, 271),
(33, 271),
(38, 271),
(34, 271),
(35, 271),
(31, 271),
(48, 271),
(49, 271),
(39, 271),
(41, 271),
(44, 271),
(50, 271),
(42, 271),
(43, 271),
(45, 271),
(1, 272),
(5, 272),
(11, 272),
(30, 272),
(13, 272),
(6, 272),
(9, 272),
(16, 272),
(15, 272),
(21, 272),
(27, 272),
(19, 272),
(25, 272),
(18, 272),
(46, 272),
(47, 272),
(40, 272),
(1, 273),
(3, 273),
(6, 273),
(30, 273),
(7, 273),
(14, 273),
(26, 273),
(21, 273),
(27, 273),
(25, 273),
(22, 273),
(19, 273),
(16, 273),
(23, 273),
(17, 273),
(18, 273),
(15, 273),
(24, 273),
(20, 273),
(32, 273),
(31, 273),
(34, 273),
(35, 273),
(38, 273),
(44, 273),
(49, 273),
(40, 273),
(45, 273),
(50, 273),
(39, 273),
(46, 273),
(2, 274),
(4, 274),
(12, 274),
(28, 274),
(13, 274),
(11, 274),
(8, 274),
(33, 274),
(41, 274),
(48, 274),
(2, 275),
(3, 275),
(6, 275),
(29, 275),
(12, 275),
(8, 275),
(11, 275),
(10, 275),
(27, 275),
(25, 275),
(22, 275),
(17, 275),
(19, 275),
(20, 275),
(15, 275),
(23, 275),
(26, 275),
(21, 275),
(14, 275),
(18, 275),
(31, 275),
(36, 275),
(33, 275),
(38, 275),
(34, 275),
(40, 275),
(42, 275),
(43, 275),
(49, 275),
(45, 275),
(50, 275),
(44, 275),
(41, 275),
(39, 275),
(47, 275),
(46, 275),
(1, 276),
(5, 276),
(7, 276),
(30, 276),
(13, 276),
(9, 276),
(24, 276),
(37, 276),
(35, 276),
(32, 276),
(48, 276),
(1, 277),
(5, 277),
(8, 277),
(30, 277),
(6, 277),
(9, 277),
(12, 277),
(13, 277),
(10, 277),
(7, 277),
(20, 277),
(16, 277),
(27, 277),
(23, 277),
(25, 277),
(15, 277),
(17, 277),
(19, 277),
(26, 277),
(21, 277),
(22, 277),
(18, 277),
(14, 277),
(24, 277),
(34, 277),
(38, 277),
(36, 277),
(37, 277),
(32, 277),
(35, 277),
(39, 277),
(45, 277),
(46, 277),
(40, 277),
(49, 277),
(44, 277),
(50, 277),
(42, 277),
(43, 277),
(47, 277),
(41, 277),
(2, 278),
(4, 278),
(11, 278),
(29, 278),
(31, 278),
(48, 278),
(1, 279),
(4, 279),
(6, 279),
(29, 279),
(13, 279),
(9, 279),
(12, 279),
(26, 279),
(14, 279),
(22, 279),
(23, 279),
(16, 279),
(17, 279),
(19, 279),
(21, 279),
(15, 279),
(20, 279),
(24, 279),
(27, 279),
(36, 279),
(31, 279),
(34, 279),
(37, 279),
(35, 279),
(47, 279),
(42, 279),
(46, 279),
(41, 279),
(2, 280),
(5, 280),
(7, 280),
(30, 280),
(11, 280),
(8, 280),
(18, 280),
(25, 280),
(32, 280),
(48, 280),
(50, 280),
(45, 280),
(39, 280),
(44, 280),
(2, 281),
(4, 281),
(10, 281),
(29, 281),
(13, 281),
(12, 281),
(8, 281),
(7, 281),
(6, 281),
(18, 281),
(17, 281),
(25, 281),
(24, 281),
(27, 281),
(19, 281),
(22, 281),
(23, 281),
(15, 281),
(26, 281),
(14, 281),
(16, 281),
(36, 281),
(38, 281),
(50, 281),
(44, 281),
(45, 281),
(46, 281),
(1, 282),
(5, 282),
(9, 282),
(30, 282),
(11, 282),
(20, 282),
(21, 282),
(33, 282),
(31, 282),
(35, 282),
(32, 282),
(37, 282),
(41, 282),
(42, 282),
(1, 283),
(5, 283),
(10, 283),
(28, 283),
(9, 283),
(7, 283),
(8, 283),
(12, 283),
(11, 283),
(13, 283),
(16, 283),
(15, 283),
(22, 283),
(20, 283),
(24, 283),
(26, 283),
(18, 283),
(33, 283),
(34, 283),
(32, 283),
(36, 283),
(37, 283),
(40, 283),
(39, 283),
(47, 283),
(50, 283),
(46, 283),
(44, 283),
(42, 283),
(45, 283),
(43, 283),
(2, 284),
(3, 284),
(6, 284),
(30, 284),
(19, 284),
(21, 284),
(14, 284),
(25, 284),
(23, 284),
(27, 284),
(17, 284),
(38, 284),
(35, 284),
(31, 284),
(48, 284),
(41, 284),
(2, 285),
(5, 285),
(13, 285),
(28, 285),
(6, 285),
(7, 285),
(20, 285),
(21, 285),
(22, 285),
(26, 285),
(19, 285),
(24, 285),
(18, 285),
(17, 285),
(23, 285),
(14, 285),
(25, 285),
(27, 285),
(16, 285),
(15, 285),
(34, 285),
(32, 285),
(37, 285),
(36, 285),
(49, 285),
(44, 285),
(50, 285),
(46, 285),
(48, 285),
(1, 286),
(4, 286),
(10, 286),
(30, 286),
(9, 286),
(8, 286),
(11, 286),
(12, 286),
(35, 286),
(31, 286),
(38, 286),
(41, 286),
(42, 286),
(40, 286),
(47, 286),
(43, 286),
(1, 287),
(4, 287),
(11, 287),
(29, 287),
(12, 287),
(8, 287),
(23, 287),
(19, 287),
(22, 287),
(27, 287),
(25, 287),
(26, 287),
(17, 287),
(18, 287),
(32, 287),
(38, 287),
(37, 287),
(36, 287),
(35, 287),
(31, 287),
(49, 287),
(2, 288),
(5, 288),
(9, 288),
(28, 288),
(13, 288),
(10, 288),
(6, 288),
(7, 288),
(20, 288),
(24, 288),
(34, 288),
(47, 288),
(48, 288),
(44, 288),
(50, 288),
(42, 288),
(1, 289),
(4, 289),
(7, 289),
(28, 290),
(29, 289),
(8, 289),
(23, 289),
(21, 289),
(35, 289),
(32, 289),
(36, 289),
(38, 289),
(49, 289),
(2, 290),
(3, 290),
(12, 290),
(30, 290),
(11, 290),
(24, 290),
(34, 290),
(37, 290),
(31, 290),
(45, 290),
(43, 290),
(41, 290),
(50, 290),
(46, 290),
(48, 290),
(47, 290),
(2, 291),
(4, 291),
(6, 291),
(30, 291),
(10, 291),
(11, 291),
(9, 291),
(13, 291),
(8, 291),
(14, 291),
(18, 291),
(25, 291),
(21, 291),
(19, 291),
(31, 291),
(37, 291),
(33, 291),
(34, 291),
(41, 291),
(40, 291),
(50, 291),
(47, 291),
(1, 292),
(5, 292),
(7, 292),
(28, 292),
(12, 292),
(15, 292),
(27, 292),
(17, 292),
(26, 292),
(16, 292),
(20, 292),
(22, 292),
(24, 292),
(23, 292),
(36, 292),
(35, 292),
(32, 292),
(44, 292),
(49, 292),
(45, 292),
(48, 292),
(39, 292),
(2, 293),
(3, 293),
(12, 293),
(29, 293),
(13, 293),
(10, 293),
(8, 293),
(7, 293),
(19, 293),
(15, 293),
(18, 293),
(25, 293),
(16, 293),
(23, 293),
(22, 293),
(20, 293),
(24, 293),
(37, 293),
(33, 293),
(34, 293),
(38, 293),
(35, 293),
(32, 293),
(36, 293),
(40, 293),
(41, 293),
(50, 293),
(47, 293),
(43, 293),
(42, 293),
(39, 293),
(49, 293),
(44, 293),
(48, 293),
(46, 293),
(45, 293),
(1, 294),
(5, 294),
(9, 294),
(30, 294),
(11, 294),
(6, 294),
(26, 294),
(27, 294),
(17, 294),
(21, 294),
(14, 294),
(31, 294),
(1, 295),
(3, 295),
(10, 295),
(29, 295),
(9, 295),
(6, 295),
(8, 295),
(13, 295),
(26, 295),
(24, 295),
(22, 295),
(16, 295),
(19, 295),
(17, 295),
(35, 295),
(34, 295),
(33, 295),
(36, 295),
(49, 295),
(44, 295),
(42, 295),
(43, 295),
(46, 295),
(40, 295),
(2, 296),
(4, 296),
(11, 296),
(28, 296),
(12, 296),
(7, 296),
(27, 296),
(38, 296),
(39, 296),
(48, 296),
(50, 296),
(47, 296),
(2, 297),
(4, 297),
(12, 297),
(28, 297),
(9, 297),
(6, 297),
(7, 297),
(11, 297),
(13, 297),
(15, 297),
(27, 297),
(26, 297),
(22, 297),
(25, 297),
(21, 297),
(17, 297),
(24, 297),
(36, 297),
(37, 297),
(31, 297),
(34, 297),
(32, 297),
(38, 297),
(33, 297),
(35, 297),
(43, 297),
(48, 297),
(50, 297),
(46, 297),
(41, 297),
(44, 297),
(45, 297),
(47, 297),
(49, 297),
(40, 297),
(42, 297),
(1, 298),
(3, 298),
(10, 298),
(29, 298),
(8, 298),
(19, 298),
(23, 298),
(16, 298),
(20, 298),
(39, 298),
(1, 299),
(4, 299),
(6, 299),
(30, 300),
(29, 299),
(12, 299),
(24, 299),
(18, 299),
(17, 299),
(25, 299),
(20, 299),
(23, 299),
(21, 299),
(15, 299),
(26, 299),
(14, 299),
(19, 299),
(32, 299),
(34, 299),
(49, 299),
(39, 299),
(43, 299),
(47, 299),
(50, 299),
(40, 299),
(41, 299),
(45, 299),
(2, 300),
(5, 300),
(13, 300),
(28, 300),
(7, 300),
(8, 300),
(16, 300),
(22, 300),
(35, 300),
(33, 300),
(48, 300),
(2, 301),
(5, 301),
(13, 301),
(30, 301),
(8, 301),
(7, 301),
(6, 301),
(21, 301),
(16, 301),
(26, 301),
(27, 301),
(33, 301),
(38, 301),
(37, 301),
(34, 301),
(49, 301),
(1, 302),
(4, 302),
(12, 302),
(29, 302),
(9, 302),
(25, 302),
(32, 302),
(43, 302),
(2, 303),
(3, 303),
(6, 303),
(30, 303),
(29, 303),
(12, 303),
(7, 303),
(9, 303),
(13, 303),
(8, 303),
(14, 303),
(18, 303),
(23, 303),
(15, 303),
(17, 303),
(19, 303),
(20, 303),
(26, 303),
(34, 303),
(38, 303),
(35, 303),
(42, 303),
(48, 303),
(47, 303),
(43, 303),
(45, 303),
(41, 303),
(46, 303),
(49, 303),
(39, 303),
(50, 303),
(40, 303),
(1, 304),
(5, 304),
(11, 304),
(28, 304),
(10, 304),
(27, 304),
(25, 304),
(24, 304),
(16, 304),
(22, 304),
(21, 304),
(37, 304),
(31, 304),
(32, 304),
(44, 304),
(2, 305),
(4, 305),
(8, 305),
(29, 305),
(13, 305),
(6, 305),
(11, 305),
(7, 305),
(9, 305),
(10, 305),
(17, 305),
(18, 305),
(19, 305),
(24, 305),
(26, 305),
(25, 305),
(14, 305),
(21, 305),
(20, 305),
(16, 305),
(23, 305),
(34, 305),
(41, 305),
(42, 305),
(46, 305),
(49, 305),
(39, 305),
(44, 305),
(47, 305),
(48, 305),
(40, 305),
(45, 305),
(43, 305),
(50, 305),
(1, 306),
(5, 306),
(12, 306),
(30, 306),
(15, 306),
(37, 306),
(36, 306),
(38, 306),
(32, 306),
(31, 306),
(35, 306),
(33, 306),
(2, 307),
(4, 307),
(11, 307),
(29, 307),
(6, 307),
(17, 307),
(27, 307),
(25, 307),
(23, 307),
(21, 307),
(26, 307),
(18, 307),
(19, 307),
(20, 307),
(24, 307),
(36, 307),
(37, 307),
(38, 307),
(35, 307),
(33, 307),
(32, 307),
(34, 307),
(42, 307),
(44, 307),
(1, 308),
(5, 308),
(9, 308),
(28, 308),
(12, 308),
(16, 308),
(15, 308),
(22, 308),
(31, 308),
(47, 308),
(39, 308),
(45, 308),
(46, 308),
(40, 308),
(49, 308),
(41, 308),
(1, 309),
(3, 309),
(13, 309),
(30, 310),
(28, 309),
(12, 309),
(7, 309),
(11, 309),
(6, 309),
(9, 309),
(26, 309),
(14, 309),
(24, 309),
(20, 309),
(16, 309),
(17, 309),
(18, 309),
(23, 309),
(19, 309),
(22, 309),
(21, 309),
(27, 309),
(15, 309),
(34, 309),
(38, 309),
(36, 309),
(35, 309),
(32, 309),
(33, 309),
(31, 309),
(47, 309),
(2, 310),
(5, 310),
(8, 310),
(29, 310),
(10, 310),
(25, 310),
(37, 310),
(39, 310),
(40, 310),
(49, 310),
(50, 310),
(44, 310),
(42, 310),
(45, 310),
(2, 311),
(5, 311),
(7, 311),
(29, 311),
(13, 311),
(11, 311),
(6, 311),
(8, 311),
(20, 311),
(18, 311),
(24, 311),
(35, 311),
(32, 311),
(31, 311),
(36, 311),
(47, 311),
(45, 311),
(50, 311),
(39, 311),
(44, 311),
(49, 311),
(48, 311),
(1, 312),
(3, 312),
(9, 312),
(28, 312),
(12, 312),
(27, 312),
(26, 312),
(16, 312),
(15, 312),
(34, 312),
(43, 312),
(42, 312),
(41, 312),
(40, 312),
(1, 313),
(5, 313),
(6, 313),
(30, 313),
(12, 313),
(8, 313),
(20, 313),
(24, 313),
(25, 313),
(23, 313),
(19, 313),
(17, 313),
(18, 313),
(26, 313),
(15, 313),
(21, 313),
(22, 313),
(27, 313),
(16, 313),
(34, 313),
(38, 313),
(36, 313),
(35, 313),
(31, 313),
(37, 313),
(33, 313),
(32, 313),
(48, 313),
(47, 313),
(41, 313),
(39, 313),
(45, 313),
(42, 313),
(43, 313),
(44, 313),
(40, 313),
(50, 313),
(49, 313),
(2, 314),
(3, 314),
(11, 314),
(29, 314),
(9, 314),
(10, 314),
(7, 314),
(13, 314),
(14, 314),
(46, 314),
(2, 315),
(5, 315),
(6, 315),
(29, 315),
(11, 315),
(7, 315),
(8, 315),
(12, 315),
(9, 315),
(18, 315),
(25, 315),
(14, 315),
(21, 315),
(20, 315),
(24, 315),
(16, 315),
(15, 315),
(26, 315),
(27, 315),
(38, 315),
(37, 315),
(34, 315),
(36, 315),
(35, 315),
(33, 315),
(31, 315),
(32, 315),
(39, 315),
(41, 315),
(44, 315),
(46, 315),
(49, 315),
(48, 315),
(47, 315),
(1, 316),
(4, 316),
(10, 316),
(28, 316),
(13, 316),
(23, 316),
(22, 316),
(17, 316),
(19, 316),
(42, 316),
(40, 316),
(50, 316),
(1, 317),
(5, 317),
(12, 317),
(30, 317),
(7, 317),
(8, 317),
(18, 317),
(19, 317),
(17, 317),
(22, 317),
(15, 317),
(20, 317),
(23, 317),
(16, 317),
(14, 317),
(34, 317),
(33, 317),
(40, 317),
(41, 317),
(48, 317),
(39, 317),
(50, 317),
(44, 317),
(49, 317),
(42, 317),
(46, 317),
(43, 317),
(47, 317),
(45, 317),
(2, 318),
(3, 318),
(10, 318),
(28, 318),
(11, 318),
(9, 318),
(13, 318),
(6, 318),
(25, 318),
(27, 318),
(21, 318),
(26, 318),
(37, 318),
(1, 319),
(3, 319),
(13, 319),
(28, 319),
(8, 319),
(10, 319),
(19, 319),
(15, 319),
(20, 319),
(21, 319),
(22, 319),
(26, 319),
(17, 319),
(14, 319),
(24, 319),
(33, 319),
(35, 319),
(34, 319),
(37, 319),
(31, 319),
(32, 319),
(38, 319),
(41, 319),
(49, 319),
(48, 319),
(50, 319),
(39, 319),
(44, 319),
(45, 319),
(42, 319),
(2, 320),
(5, 320),
(6, 320),
(30, 320),
(7, 320),
(12, 320),
(11, 320),
(25, 320),
(18, 320),
(36, 320),
(47, 320),
(46, 320),
(43, 320),
(1, 321),
(5, 321),
(12, 321),
(30, 321),
(10, 321),
(11, 321),
(13, 321),
(22, 321),
(18, 321),
(32, 321),
(43, 321),
(41, 321),
(40, 321),
(42, 321),
(47, 321),
(50, 321),
(2, 322),
(4, 322),
(9, 322),
(29, 322),
(6, 322),
(8, 322),
(7, 322),
(23, 322),
(14, 322),
(15, 322),
(20, 322),
(26, 322),
(16, 322),
(17, 322),
(24, 322),
(31, 322),
(38, 322),
(37, 322),
(36, 322),
(35, 322),
(33, 322),
(34, 322),
(49, 322),
(46, 322),
(44, 322),
(2, 323),
(5, 323),
(8, 323),
(30, 324),
(29, 323),
(10, 323),
(13, 323),
(11, 323),
(6, 323),
(9, 323),
(12, 323),
(21, 323),
(17, 323),
(23, 323),
(20, 323),
(14, 323),
(27, 323),
(25, 323),
(22, 323),
(16, 323),
(19, 323),
(18, 323),
(26, 323),
(15, 323),
(24, 323),
(33, 323),
(43, 323),
(50, 323),
(45, 323),
(48, 323),
(42, 323),
(47, 323),
(41, 323),
(44, 323),
(1, 324),
(3, 324),
(7, 324),
(28, 324),
(34, 324),
(49, 324),
(40, 324),
(1, 325),
(5, 325),
(10, 325),
(30, 325),
(6, 325),
(8, 325),
(11, 325),
(9, 325),
(12, 325),
(7, 325),
(25, 325),
(31, 325),
(33, 325),
(38, 325),
(35, 325),
(34, 325),
(39, 325),
(42, 325),
(45, 325),
(43, 325),
(50, 325),
(47, 325),
(46, 325),
(49, 325),
(40, 325),
(41, 325),
(44, 325),
(2, 326),
(4, 326),
(13, 326),
(28, 326),
(18, 326),
(22, 326),
(14, 326),
(27, 326),
(20, 326),
(24, 326),
(16, 326),
(15, 326),
(19, 326),
(17, 326),
(23, 326),
(26, 326),
(21, 326),
(32, 326),
(36, 326),
(48, 326),
(2, 327),
(4, 327),
(10, 327),
(28, 327),
(12, 327),
(8, 327),
(9, 327),
(6, 327),
(7, 327),
(15, 327),
(22, 327),
(23, 327),
(17, 327),
(14, 327),
(19, 327),
(16, 327),
(25, 327),
(26, 327),
(27, 327),
(24, 327),
(21, 327),
(37, 327),
(33, 327),
(38, 327),
(32, 327),
(35, 327),
(39, 327),
(45, 327),
(47, 327),
(46, 327),
(1, 328),
(5, 328),
(11, 328),
(30, 328),
(13, 328),
(20, 328),
(18, 328),
(31, 328),
(42, 328),
(41, 328),
(2, 329),
(3, 329),
(11, 329),
(28, 329),
(12, 329),
(8, 329),
(9, 329),
(7, 329),
(18, 329),
(22, 329),
(15, 329),
(14, 329),
(20, 329),
(23, 329),
(19, 329),
(26, 329),
(25, 329),
(16, 329),
(33, 329),
(37, 329),
(31, 329),
(32, 329),
(38, 329),
(35, 329),
(34, 329),
(36, 329),
(45, 329),
(47, 329),
(43, 329),
(40, 329),
(39, 329),
(48, 329),
(44, 329),
(1, 330),
(5, 330),
(10, 330),
(30, 330),
(13, 330),
(6, 330),
(27, 330),
(24, 330),
(50, 330),
(41, 330),
(2, 331),
(4, 331),
(8, 331),
(29, 331),
(12, 331),
(10, 331),
(6, 331),
(13, 331),
(18, 331),
(16, 331),
(17, 331),
(27, 331),
(24, 331),
(36, 331),
(34, 331),
(38, 331),
(31, 331),
(35, 331),
(32, 331),
(37, 331),
(33, 331),
(48, 331),
(1, 332),
(3, 332),
(7, 332),
(28, 332),
(9, 332),
(25, 332),
(20, 332),
(19, 332),
(22, 332),
(26, 332),
(14, 332),
(15, 332),
(21, 332),
(23, 332),
(43, 332),
(41, 332),
(40, 332),
(47, 332),
(1, 333),
(5, 333),
(12, 333),
(30, 333),
(11, 333),
(7, 333),
(10, 333),
(9, 333),
(27, 333),
(22, 333),
(26, 333),
(20, 333),
(23, 333),
(24, 333),
(16, 333),
(17, 333),
(18, 333),
(14, 333),
(19, 333),
(36, 333),
(41, 333),
(44, 333),
(45, 333),
(42, 333),
(2, 334),
(4, 334),
(13, 334),
(28, 334),
(8, 334),
(15, 334),
(34, 334),
(38, 334),
(37, 334),
(33, 334),
(31, 334),
(43, 334),
(40, 334),
(49, 334),
(50, 334),
(46, 334),
(47, 334),
(48, 334),
(2, 335),
(5, 335),
(7, 335),
(30, 336),
(28, 335),
(12, 335),
(11, 335),
(13, 335),
(6, 335),
(10, 335),
(22, 335),
(25, 335),
(15, 335),
(26, 335),
(23, 335),
(18, 335),
(36, 335),
(48, 335),
(50, 335),
(45, 335),
(43, 335),
(47, 335),
(46, 335),
(40, 335),
(39, 335),
(41, 335),
(42, 335),
(1, 336),
(4, 336),
(9, 336),
(29, 336),
(8, 336),
(19, 336),
(37, 336),
(38, 336),
(34, 336),
(32, 336),
(35, 336),
(31, 336),
(44, 336),
(49, 336),
(1, 337),
(5, 337),
(7, 337),
(28, 337),
(8, 337),
(9, 337),
(13, 337),
(6, 337),
(20, 337),
(32, 337),
(35, 337),
(49, 337),
(39, 337),
(47, 337),
(48, 337),
(50, 337),
(43, 337),
(41, 337),
(2, 338),
(3, 338),
(10, 338),
(30, 338),
(12, 338),
(11, 338),
(26, 338),
(23, 338),
(36, 338),
(33, 338),
(42, 338),
(2, 339),
(4, 339),
(9, 339),
(28, 339),
(8, 339),
(23, 339),
(20, 339),
(24, 339),
(27, 339),
(31, 339),
(34, 339),
(33, 339),
(49, 339),
(48, 339),
(44, 339),
(45, 339),
(47, 339),
(1, 340),
(3, 340),
(13, 340),
(30, 340),
(10, 340),
(12, 340),
(11, 340),
(7, 340),
(6, 340),
(18, 340),
(32, 340),
(35, 340),
(41, 340),
(39, 340),
(2, 341),
(5, 341),
(8, 341),
(29, 342),
(28, 341),
(7, 341),
(11, 341),
(9, 341),
(10, 341),
(12, 341),
(13, 341),
(22, 341),
(26, 341),
(27, 341),
(25, 341),
(21, 341),
(24, 341),
(19, 341),
(14, 341),
(33, 341),
(35, 341),
(36, 341),
(38, 341),
(37, 341),
(44, 341),
(40, 341),
(42, 341),
(48, 341),
(49, 341),
(47, 341),
(50, 341),
(41, 341),
(43, 341),
(45, 341),
(39, 341),
(46, 341),
(1, 342),
(4, 342),
(6, 342),
(30, 342),
(15, 342),
(32, 342),
(1, 343),
(3, 343),
(11, 343),
(30, 344),
(28, 343),
(8, 343),
(12, 343),
(10, 343),
(6, 343),
(16, 343),
(24, 343),
(35, 343),
(36, 343),
(42, 343),
(41, 343),
(50, 343),
(47, 343),
(43, 343),
(45, 343),
(40, 343),
(44, 343),
(2, 344),
(4, 344),
(9, 344),
(29, 344),
(13, 344),
(7, 344),
(22, 344),
(17, 344),
(27, 344),
(25, 344),
(23, 344),
(14, 344),
(18, 344),
(19, 344),
(26, 344),
(20, 344),
(38, 344),
(34, 344),
(49, 344),
(48, 344),
(39, 344),
(1, 345),
(5, 345),
(10, 345),
(30, 345),
(8, 345),
(7, 345),
(6, 345),
(12, 345),
(14, 345),
(19, 345),
(26, 345),
(23, 345),
(21, 345),
(35, 345),
(36, 345),
(40, 345),
(42, 345),
(46, 345),
(2, 346),
(3, 346),
(11, 346),
(29, 346),
(9, 346),
(15, 346),
(18, 346),
(27, 346),
(16, 346),
(17, 346),
(24, 346),
(22, 346),
(20, 346),
(33, 346),
(43, 346),
(48, 346),
(47, 346),
(39, 346),
(45, 346),
(50, 346),
(49, 346),
(41, 346),
(44, 346),
(1, 347),
(4, 347),
(10, 347),
(30, 347),
(7, 347),
(6, 347),
(13, 347),
(8, 347),
(11, 347),
(26, 347),
(17, 347),
(16, 347),
(23, 347),
(24, 347),
(22, 347),
(27, 347),
(15, 347),
(14, 347),
(21, 347),
(32, 347),
(33, 347),
(38, 347),
(50, 347),
(48, 347),
(2, 348),
(3, 348),
(9, 348),
(29, 348),
(12, 348),
(19, 348),
(20, 348),
(34, 348),
(36, 348),
(35, 348),
(31, 348),
(37, 348),
(39, 348),
(44, 348),
(46, 348),
(40, 348),
(45, 348),
(42, 348),
(43, 348),
(2, 349),
(3, 349),
(6, 349),
(29, 350),
(30, 349),
(13, 349),
(9, 349),
(10, 349),
(21, 349),
(14, 349),
(27, 349),
(15, 349),
(23, 349),
(22, 349),
(18, 349),
(17, 349),
(19, 349),
(25, 349),
(26, 349),
(20, 349),
(16, 349),
(36, 349),
(37, 349),
(45, 349),
(40, 349),
(1, 350),
(5, 350),
(12, 350),
(28, 350),
(11, 350),
(24, 350),
(33, 350),
(48, 350),
(49, 350),
(42, 350),
(39, 350),
(43, 350),
(44, 350),
(50, 350),
(41, 350),
(2, 351),
(3, 351),
(9, 351),
(30, 351),
(10, 351),
(7, 351),
(12, 351),
(11, 351),
(15, 351),
(16, 351),
(18, 351),
(19, 351),
(20, 351),
(24, 351),
(25, 351),
(35, 351),
(36, 351),
(32, 351),
(37, 351),
(33, 351),
(34, 351),
(45, 351),
(1, 352),
(5, 352),
(6, 352),
(29, 352),
(8, 352),
(14, 352),
(22, 352),
(23, 352),
(21, 352),
(27, 352),
(26, 352),
(38, 352),
(50, 352),
(47, 352),
(42, 352),
(46, 352),
(40, 352),
(49, 352),
(43, 352),
(39, 352),
(1, 353),
(4, 353),
(11, 353),
(30, 353),
(13, 353),
(10, 353),
(9, 353),
(7, 353),
(12, 353),
(8, 353),
(21, 353),
(17, 353),
(23, 353),
(16, 353),
(25, 353),
(20, 353),
(15, 353),
(22, 353),
(19, 353),
(24, 353),
(14, 353),
(18, 353),
(32, 353),
(37, 353),
(38, 353),
(34, 353),
(49, 353),
(48, 353),
(46, 353),
(2, 354),
(5, 354),
(6, 354),
(29, 354),
(26, 354),
(36, 354),
(47, 354),
(43, 354),
(41, 354),
(42, 354),
(45, 354),
(44, 354),
(40, 354),
(39, 354),
(2, 355),
(5, 355),
(7, 355),
(30, 355),
(6, 355),
(9, 355),
(12, 355),
(16, 355),
(17, 355),
(25, 355),
(21, 355),
(14, 355),
(23, 355),
(15, 355),
(20, 355),
(26, 355),
(22, 355),
(19, 355),
(27, 355),
(36, 355),
(37, 355),
(50, 355),
(48, 355),
(44, 355),
(39, 355),
(41, 355),
(49, 355),
(1, 356),
(4, 356),
(8, 356),
(28, 356),
(10, 356),
(11, 356),
(18, 356),
(24, 356),
(35, 356),
(32, 356),
(33, 356),
(34, 356),
(38, 356),
(47, 356),
(2, 357),
(3, 357),
(9, 357),
(28, 357),
(8, 357),
(17, 357),
(25, 357),
(23, 357),
(19, 357),
(24, 357),
(22, 357),
(21, 357),
(26, 357),
(20, 357),
(27, 357),
(14, 357),
(15, 357),
(18, 357),
(34, 357),
(33, 357),
(37, 357),
(32, 357),
(36, 357),
(35, 357),
(31, 357),
(49, 357),
(45, 357),
(43, 357),
(46, 357),
(39, 357),
(41, 357),
(42, 357),
(44, 357),
(50, 357),
(48, 357),
(1, 358),
(5, 358),
(11, 358),
(29, 358),
(13, 358),
(12, 358),
(10, 358),
(6, 358),
(16, 358),
(38, 358),
(47, 358),
(2, 359),
(5, 359),
(7, 359),
(29, 359),
(10, 359),
(8, 359),
(18, 359),
(27, 359),
(26, 359),
(24, 359),
(25, 359),
(23, 359),
(17, 359),
(19, 359),
(20, 359),
(14, 359),
(21, 359),
(35, 359),
(32, 359),
(38, 359),
(50, 359),
(44, 359),
(48, 359),
(1, 360),
(3, 360),
(9, 360),
(28, 360),
(12, 360),
(15, 360),
(16, 360),
(22, 360),
(33, 360),
(37, 360),
(31, 360),
(46, 360),
(39, 360),
(45, 360),
(42, 360),
(2, 361),
(5, 361),
(11, 361),
(28, 361),
(13, 361),
(9, 361),
(21, 361),
(19, 361),
(15, 361),
(25, 361),
(20, 361),
(17, 361),
(24, 361),
(22, 361),
(38, 361),
(36, 361),
(33, 361),
(34, 361),
(31, 361),
(45, 361),
(46, 361),
(50, 361),
(44, 361),
(1, 362),
(4, 362),
(8, 362),
(29, 362),
(12, 362),
(27, 362),
(26, 362),
(23, 362),
(37, 362),
(42, 362),
(41, 362),
(48, 362),
(49, 362),
(39, 362),
(47, 362),
(1, 363),
(4, 363),
(8, 363),
(30, 363),
(9, 363),
(13, 363),
(15, 363),
(21, 363),
(35, 363),
(34, 363),
(33, 363),
(45, 363),
(50, 363),
(40, 363),
(42, 363),
(41, 363),
(44, 363),
(48, 363),
(47, 363),
(49, 363),
(43, 363),
(46, 363),
(39, 363),
(2, 364),
(3, 364),
(6, 364),
(29, 364),
(11, 364),
(10, 364),
(19, 364),
(14, 364),
(23, 364),
(27, 364),
(26, 364),
(18, 364),
(16, 364),
(24, 364),
(20, 364),
(32, 364),
(37, 364),
(36, 364),
(31, 364),
(38, 364),
(1, 365),
(5, 365),
(9, 365),
(28, 365),
(30, 365),
(13, 365),
(6, 365),
(8, 365),
(26, 365),
(36, 365),
(42, 365),
(46, 365),
(40, 365),
(45, 365),
(39, 365),
(49, 365),
(2, 366),
(4, 366),
(7, 366),
(29, 366),
(12, 366),
(10, 366),
(11, 366),
(24, 366),
(20, 366),
(18, 366),
(27, 366),
(14, 366),
(19, 366),
(37, 366),
(35, 366),
(38, 366),
(33, 366),
(31, 366),
(32, 366),
(47, 366),
(43, 366),
(41, 366),
(44, 366),
(48, 366),
(50, 366),
(1, 367),
(4, 367),
(7, 367),
(29, 367),
(8, 367),
(24, 367),
(14, 367),
(15, 367),
(22, 367),
(18, 367),
(34, 367),
(31, 367),
(35, 367),
(36, 367),
(32, 367),
(37, 367),
(33, 367),
(38, 367),
(49, 367),
(2, 368),
(3, 368),
(6, 368),
(30, 368),
(11, 368),
(9, 368),
(12, 368),
(13, 368),
(16, 368),
(40, 368),
(44, 368),
(48, 368),
(42, 368),
(43, 368),
(41, 368),
(45, 368),
(2, 369),
(4, 369),
(8, 369),
(28, 369),
(12, 369),
(6, 369),
(7, 369),
(26, 369),
(17, 369),
(21, 369),
(15, 369),
(27, 369),
(23, 369),
(22, 369),
(32, 369),
(31, 369),
(38, 369),
(36, 369),
(34, 369),
(47, 369),
(46, 369),
(39, 369),
(44, 369),
(48, 369),
(1, 370),
(5, 370),
(10, 370),
(30, 370),
(13, 370),
(24, 370),
(19, 370),
(16, 370),
(37, 370),
(35, 370),
(33, 370),
(43, 370),
(1, 371),
(4, 371),
(9, 371),
(29, 372),
(28, 371),
(10, 371),
(12, 371),
(19, 371),
(17, 371),
(23, 371),
(21, 371),
(34, 371),
(31, 371),
(33, 371),
(37, 371),
(50, 371),
(41, 371),
(45, 371),
(46, 371),
(42, 371),
(47, 371),
(43, 371),
(44, 371),
(2, 372),
(5, 372),
(8, 372),
(30, 372),
(6, 372),
(18, 372),
(35, 372),
(36, 372),
(49, 372),
(48, 372),
(40, 372),
(39, 372),
(1, 373),
(4, 373),
(11, 373),
(29, 373),
(13, 373),
(27, 373),
(37, 373),
(34, 373),
(35, 373),
(33, 373),
(38, 373),
(36, 373),
(32, 373),
(42, 373),
(44, 373),
(47, 373),
(46, 373),
(41, 373),
(43, 373),
(50, 373),
(48, 373),
(45, 373),
(2, 374),
(3, 374),
(7, 374),
(28, 374),
(10, 374),
(6, 374),
(8, 374),
(12, 374),
(23, 374),
(25, 374),
(26, 374),
(15, 374),
(17, 374),
(20, 374),
(18, 374),
(22, 374),
(21, 374),
(14, 374),
(16, 374),
(31, 374),
(49, 374),
(39, 374),
(40, 374),
(2, 375),
(3, 375),
(12, 375),
(30, 375),
(7, 375),
(10, 375),
(11, 375),
(13, 375),
(9, 375),
(8, 375),
(26, 375),
(16, 375),
(18, 375),
(20, 375),
(22, 375),
(15, 375),
(17, 375),
(24, 375),
(14, 375),
(21, 375),
(25, 375),
(23, 375),
(19, 375),
(34, 375),
(36, 375),
(38, 375),
(32, 375),
(35, 375),
(31, 375),
(33, 375),
(37, 375),
(47, 375),
(48, 375),
(49, 375),
(45, 375),
(44, 375),
(42, 375),
(40, 375),
(50, 375),
(41, 375),
(39, 375),
(43, 375),
(46, 375),
(1, 376),
(4, 376),
(6, 376),
(29, 376),
(27, 376),
(1, 377),
(4, 377),
(11, 377),
(30, 377),
(13, 377),
(9, 377),
(14, 377),
(23, 377),
(20, 377),
(27, 377),
(26, 377),
(17, 377),
(15, 377),
(25, 377),
(24, 377),
(22, 377),
(19, 377),
(18, 377),
(21, 377),
(38, 377),
(40, 377),
(43, 377),
(42, 377),
(46, 377),
(39, 377),
(50, 377),
(48, 377),
(45, 377),
(41, 377),
(47, 377),
(44, 377),
(49, 377),
(2, 378),
(5, 378),
(8, 378),
(28, 378),
(6, 378),
(16, 378),
(32, 378),
(37, 378),
(34, 378),
(35, 378),
(36, 378),
(2, 379),
(4, 379),
(9, 379),
(30, 379),
(29, 379),
(10, 379),
(15, 379),
(22, 379),
(25, 379),
(31, 379),
(34, 379),
(33, 379),
(48, 379),
(39, 379),
(41, 379),
(42, 379),
(49, 379),
(46, 379),
(1, 380),
(5, 380),
(7, 380),
(28, 380),
(13, 380),
(11, 380),
(26, 380),
(17, 380),
(24, 380),
(21, 380),
(18, 380),
(16, 380),
(19, 380),
(23, 380),
(20, 380),
(27, 380),
(32, 380),
(36, 380),
(37, 380),
(47, 380),
(45, 380),
(43, 380),
(50, 380),
(40, 380),
(1, 381),
(4, 381),
(12, 381),
(28, 381),
(9, 381),
(7, 381),
(11, 381),
(13, 381),
(8, 381),
(10, 381),
(22, 381),
(21, 381),
(26, 381),
(27, 381),
(24, 381),
(14, 381),
(16, 381),
(15, 381),
(19, 381),
(20, 381),
(38, 381),
(35, 381),
(31, 381),
(34, 381),
(37, 381),
(33, 381),
(36, 381),
(32, 381),
(48, 381),
(46, 381),
(2, 382),
(5, 382),
(6, 382),
(30, 382),
(23, 382),
(18, 382),
(49, 382),
(43, 382),
(50, 382),
(41, 382),
(47, 382),
(40, 382),
(42, 382),
(39, 382),
(44, 382),
(45, 382),
(2, 383),
(3, 383),
(11, 383),
(29, 383),
(10, 383),
(7, 383),
(13, 383),
(9, 383),
(26, 383),
(17, 383),
(24, 383),
(14, 383),
(15, 383),
(20, 383),
(27, 383),
(25, 383),
(21, 383),
(19, 383),
(16, 383),
(18, 383),
(23, 383),
(38, 383),
(37, 383),
(33, 383),
(36, 383),
(35, 383),
(32, 383),
(34, 383),
(40, 383),
(41, 383),
(49, 383),
(39, 383),
(44, 383),
(45, 383),
(42, 383),
(48, 383),
(50, 383),
(47, 383),
(43, 383),
(46, 383),
(1, 384),
(4, 384),
(6, 384),
(28, 384),
(8, 384),
(22, 384),
(31, 384),
(2, 385),
(3, 385),
(9, 385),
(30, 385),
(10, 385),
(6, 385),
(8, 385),
(13, 385),
(19, 385),
(32, 385),
(33, 385),
(31, 385),
(38, 385),
(46, 385),
(49, 385),
(50, 385),
(40, 385),
(43, 385),
(44, 385),
(1, 386),
(5, 386),
(7, 386),
(28, 386),
(12, 386),
(11, 386),
(24, 386),
(21, 386),
(34, 386),
(41, 386),
(42, 386),
(1, 387),
(5, 387),
(12, 387),
(28, 387),
(11, 387),
(6, 387),
(10, 387),
(9, 387),
(13, 387),
(23, 387),
(16, 387),
(33, 387),
(34, 387),
(35, 387),
(36, 387),
(31, 387),
(38, 387),
(42, 387),
(40, 387),
(2, 388),
(4, 388),
(8, 388),
(30, 388),
(7, 388),
(26, 388),
(18, 388),
(20, 388),
(25, 388),
(27, 388),
(21, 388),
(19, 388),
(32, 388),
(45, 388),
(50, 388),
(48, 388),
(46, 388),
(39, 388),
(43, 388),
(2, 389),
(5, 389),
(6, 389),
(29, 389),
(11, 389),
(10, 389),
(8, 389),
(7, 389),
(9, 389),
(14, 389),
(19, 389),
(36, 389),
(49, 389),
(39, 389),
(41, 389),
(46, 389),
(50, 389),
(48, 389),
(47, 389),
(45, 389),
(1, 390),
(3, 390),
(13, 390),
(28, 390),
(12, 390),
(26, 390),
(20, 390),
(18, 390),
(15, 390),
(38, 390),
(33, 390),
(32, 390),
(43, 390),
(40, 390),
(44, 390),
(2, 391),
(5, 391),
(12, 391),
(29, 391),
(7, 391),
(9, 391),
(25, 391),
(17, 391),
(14, 391),
(15, 391),
(18, 391),
(22, 391),
(21, 391),
(19, 391),
(24, 391),
(34, 391),
(32, 391),
(49, 391),
(47, 391),
(45, 391),
(50, 391),
(46, 391),
(41, 391),
(40, 391),
(48, 391),
(1, 392),
(3, 392),
(10, 392),
(30, 392),
(6, 392),
(8, 392),
(11, 392),
(27, 392),
(36, 392),
(33, 392),
(37, 392),
(35, 392),
(31, 392),
(43, 392),
(42, 392),
(2, 393),
(5, 393),
(12, 393),
(30, 393),
(6, 393),
(8, 393),
(10, 393),
(9, 393),
(24, 393),
(23, 393),
(18, 393),
(16, 393),
(25, 393),
(19, 393),
(27, 393),
(15, 393),
(32, 393),
(36, 393),
(37, 393),
(47, 393),
(45, 393),
(44, 393),
(48, 393),
(50, 393),
(41, 393),
(1, 394),
(4, 394),
(11, 394),
(28, 394),
(7, 394),
(13, 394),
(22, 394),
(34, 394),
(33, 394),
(49, 394),
(43, 394),
(1, 395),
(4, 395),
(7, 395),
(30, 395),
(13, 395),
(10, 395),
(17, 395),
(25, 395),
(16, 395),
(19, 395),
(27, 395),
(23, 395),
(22, 395),
(14, 395),
(18, 395),
(21, 395),
(32, 395),
(34, 395),
(37, 395),
(33, 395),
(35, 395),
(38, 395),
(31, 395),
(36, 395),
(39, 395),
(43, 395),
(42, 395),
(40, 395),
(46, 395),
(50, 395),
(2, 396),
(3, 396),
(12, 396),
(28, 396),
(11, 396),
(8, 396),
(24, 396),
(15, 396),
(20, 396),
(47, 396),
(45, 396),
(48, 396),
(41, 396),
(49, 396),
(44, 396),
(2, 397),
(5, 397),
(7, 397),
(28, 397),
(12, 397),
(8, 397),
(17, 397),
(20, 397),
(25, 397),
(18, 397),
(26, 397),
(21, 397),
(22, 397),
(36, 397),
(37, 397),
(34, 397),
(38, 397),
(40, 397),
(45, 397),
(1, 398),
(4, 398),
(10, 398),
(29, 398),
(13, 398),
(24, 398),
(14, 398),
(27, 398),
(23, 398),
(16, 398),
(33, 398),
(50, 398),
(41, 398),
(39, 398),
(44, 398),
(43, 398),
(1, 399),
(3, 399),
(9, 399),
(28, 399),
(13, 399),
(12, 399),
(8, 399),
(21, 399),
(24, 399),
(18, 399),
(17, 399),
(16, 399),
(31, 399),
(35, 399),
(38, 399),
(33, 399),
(47, 399),
(49, 399),
(41, 399),
(42, 399),
(45, 399),
(46, 399),
(44, 399),
(43, 399),
(40, 399),
(2, 400),
(5, 400),
(10, 400),
(30, 400),
(6, 400),
(14, 400),
(25, 400),
(27, 400),
(19, 400),
(15, 400),
(32, 400),
(37, 400),
(48, 400),
(39, 400),
(2, 401),
(3, 401),
(11, 401),
(30, 401),
(9, 401),
(13, 401),
(8, 401),
(27, 401),
(20, 401),
(26, 401),
(21, 401),
(23, 401),
(16, 401),
(19, 401),
(25, 401),
(24, 401),
(36, 401),
(34, 401),
(38, 401),
(33, 401),
(32, 401),
(49, 401),
(40, 401),
(1, 402),
(4, 402),
(6, 402),
(29, 402),
(12, 402),
(7, 402),
(18, 402),
(14, 402),
(22, 402),
(15, 402),
(35, 402),
(37, 402),
(46, 402),
(2, 403),
(4, 403),
(6, 403),
(29, 403),
(8, 403),
(7, 403),
(10, 403),
(9, 403),
(16, 403),
(15, 403),
(14, 403),
(27, 403),
(18, 403),
(17, 403),
(21, 403),
(25, 403),
(19, 403),
(34, 403),
(37, 403),
(36, 403),
(38, 403),
(35, 403),
(31, 403),
(50, 403),
(42, 403),
(41, 403),
(46, 403),
(1, 404),
(3, 404),
(11, 404),
(28, 404),
(12, 404),
(13, 404),
(22, 404),
(26, 404),
(33, 404),
(32, 404),
(44, 404),
(45, 404),
(39, 404),
(40, 404),
(48, 404),
(43, 404),
(2, 405),
(5, 405),
(13, 405),
(30, 406),
(28, 405),
(12, 405),
(6, 405),
(10, 405),
(25, 405),
(27, 405),
(15, 405),
(23, 405),
(19, 405),
(17, 405),
(16, 405),
(21, 405),
(22, 405),
(14, 405),
(18, 405),
(24, 405),
(20, 405),
(31, 405),
(35, 405),
(37, 405),
(36, 405),
(33, 405),
(34, 405),
(44, 405),
(1, 406),
(4, 406),
(7, 406),
(29, 406),
(11, 406),
(9, 406),
(8, 406),
(26, 406),
(38, 406),
(47, 406),
(43, 406),
(46, 406),
(2, 407),
(4, 407),
(6, 407),
(30, 407),
(12, 407),
(7, 407),
(10, 407),
(8, 407),
(20, 407),
(22, 407),
(24, 407),
(27, 407),
(14, 407),
(19, 407),
(18, 407),
(26, 407),
(16, 407),
(15, 407),
(33, 407),
(32, 407),
(31, 407),
(46, 407),
(40, 407),
(47, 407),
(48, 407),
(50, 407),
(43, 407),
(49, 407),
(44, 407),
(1, 408),
(5, 408),
(11, 408),
(29, 408),
(9, 408),
(13, 408),
(17, 408),
(21, 408),
(23, 408),
(35, 408),
(34, 408),
(39, 408),
(2, 409),
(4, 409),
(11, 409),
(30, 409),
(8, 409),
(9, 409),
(12, 409),
(6, 409),
(21, 409),
(27, 409),
(26, 409),
(25, 409),
(14, 409),
(20, 409),
(17, 409),
(23, 409),
(24, 409),
(22, 409),
(16, 409),
(37, 409),
(34, 409),
(41, 409),
(47, 409),
(45, 409),
(44, 409),
(39, 409),
(42, 409),
(43, 409),
(1, 410),
(3, 410),
(10, 410),
(28, 410),
(13, 410),
(19, 410),
(36, 410),
(49, 410),
(46, 410),
(2, 411),
(3, 411),
(6, 411),
(30, 411),
(10, 411),
(23, 411),
(15, 411),
(20, 411),
(24, 411),
(19, 411),
(17, 411),
(14, 411),
(16, 411),
(27, 411),
(32, 411),
(31, 411),
(37, 411),
(38, 411),
(49, 411),
(46, 411),
(39, 411),
(43, 411),
(45, 411),
(48, 411),
(47, 411),
(44, 411),
(42, 411),
(1, 412),
(4, 412),
(11, 412),
(29, 412),
(9, 412),
(12, 412),
(8, 412),
(13, 412),
(26, 412),
(36, 412),
(33, 412),
(40, 412),
(50, 412),
(41, 412),
(1, 413),
(3, 413),
(9, 413),
(28, 413),
(7, 413),
(11, 413),
(8, 413),
(10, 413),
(6, 413),
(26, 413),
(25, 413),
(34, 413),
(33, 413),
(45, 413),
(43, 413),
(50, 413),
(41, 413),
(40, 413),
(49, 413),
(47, 413),
(39, 413),
(48, 413),
(2, 414),
(4, 414),
(12, 414),
(30, 414),
(13, 414),
(16, 414),
(21, 414),
(24, 414),
(15, 414),
(18, 414),
(22, 414),
(38, 414),
(32, 414),
(46, 414),
(2, 415),
(5, 415),
(8, 415),
(28, 415),
(10, 415),
(11, 415),
(15, 415),
(14, 415),
(27, 415),
(18, 415),
(17, 415),
(38, 415),
(34, 415),
(37, 415),
(31, 415),
(33, 415),
(32, 415),
(35, 415),
(41, 415),
(39, 415),
(49, 415),
(44, 415),
(50, 415),
(43, 415),
(46, 415),
(45, 415),
(42, 415),
(47, 415),
(40, 415),
(1, 416),
(3, 416),
(6, 416),
(29, 416),
(13, 416),
(25, 416),
(24, 416),
(23, 416),
(36, 416),
(48, 416),
(1, 417),
(4, 417),
(12, 417),
(29, 417),
(7, 417),
(13, 417),
(8, 417),
(23, 417),
(32, 417),
(38, 417),
(31, 417),
(47, 417),
(44, 417),
(41, 417),
(42, 417),
(49, 417),
(2, 418),
(3, 418),
(9, 418),
(30, 418),
(10, 418),
(15, 418),
(16, 418),
(25, 418),
(14, 418),
(27, 418),
(36, 418),
(37, 418),
(34, 418),
(39, 418),
(46, 418),
(48, 418),
(45, 418),
(43, 418),
(1, 419),
(5, 419),
(7, 419),
(29, 420),
(28, 419),
(12, 419),
(8, 419),
(6, 419),
(10, 419),
(13, 419),
(22, 419),
(19, 419),
(18, 419),
(15, 419),
(23, 419),
(14, 419),
(35, 419),
(36, 419),
(38, 419),
(34, 419),
(32, 419),
(33, 419),
(48, 419),
(49, 419),
(2, 420),
(3, 420),
(9, 420),
(30, 420),
(11, 420),
(17, 420),
(31, 420),
(41, 420),
(40, 420),
(39, 420),
(42, 420),
(50, 420),
(44, 420),
(47, 420),
(46, 420),
(45, 420),
(43, 420),
(2, 421),
(4, 421),
(10, 421),
(28, 421),
(9, 421),
(6, 421),
(21, 421),
(20, 421),
(19, 421),
(15, 421),
(16, 421),
(18, 421),
(23, 421),
(27, 421),
(17, 421),
(24, 421),
(22, 421),
(25, 421),
(14, 421),
(36, 421),
(32, 421),
(34, 421),
(47, 421),
(48, 421),
(44, 421),
(49, 421),
(1, 422),
(3, 422),
(11, 422),
(30, 422),
(7, 422),
(8, 422),
(26, 422),
(37, 422),
(33, 422),
(35, 422),
(46, 422),
(42, 422),
(41, 422),
(43, 422),
(40, 422),
(2, 423),
(5, 423),
(9, 423),
(29, 423),
(10, 423),
(15, 423),
(24, 423),
(20, 423),
(25, 423),
(19, 423),
(27, 423),
(26, 423),
(31, 423),
(35, 423),
(33, 423),
(32, 423),
(46, 423),
(43, 423),
(45, 423),
(41, 423),
(48, 423),
(42, 423),
(49, 423),
(50, 423),
(44, 423),
(40, 423),
(1, 424),
(4, 424),
(13, 424),
(28, 424),
(8, 424),
(7, 424),
(11, 424),
(22, 424),
(18, 424),
(23, 424),
(21, 424),
(17, 424),
(38, 424),
(47, 424),
(39, 424),
(1, 425),
(4, 425),
(10, 425),
(28, 425),
(9, 425),
(7, 425),
(16, 425),
(20, 425),
(17, 425),
(18, 425),
(14, 425),
(22, 425),
(25, 425),
(23, 425),
(26, 425),
(19, 425),
(24, 425),
(27, 425),
(15, 425),
(21, 425),
(34, 425),
(44, 425),
(49, 425),
(50, 425),
(2, 426),
(5, 426),
(8, 426),
(30, 426),
(13, 426),
(6, 426),
(11, 426),
(33, 426),
(37, 426),
(31, 426),
(38, 426),
(32, 426),
(36, 426),
(43, 426),
(41, 426),
(46, 426),
(40, 426),
(39, 426),
(47, 426),
(1, 427),
(4, 427),
(13, 427),
(28, 427),
(30, 427),
(12, 427),
(9, 427),
(8, 427),
(24, 427),
(15, 427),
(21, 427),
(22, 427),
(14, 427),
(35, 427),
(37, 427),
(38, 427),
(41, 427),
(48, 427),
(39, 427),
(49, 427),
(40, 427),
(46, 427),
(44, 427),
(42, 427),
(47, 427),
(43, 427),
(2, 428),
(3, 428),
(11, 428),
(29, 428),
(10, 428),
(23, 428),
(26, 428),
(33, 428),
(34, 428),
(45, 428),
(1, 429),
(4, 429),
(8, 429),
(29, 429),
(12, 429),
(13, 429),
(6, 429),
(7, 429),
(10, 429),
(17, 429),
(36, 429),
(34, 429),
(47, 429),
(49, 429),
(41, 429),
(2, 430),
(5, 430),
(9, 430),
(28, 430),
(11, 430),
(23, 430),
(18, 430),
(19, 430),
(15, 430),
(14, 430),
(33, 430),
(35, 430),
(32, 430),
(44, 430),
(45, 430),
(48, 430),
(50, 430),
(40, 430),
(42, 430),
(39, 430),
(46, 430),
(2, 431),
(3, 431),
(10, 431),
(29, 431),
(12, 431),
(11, 431),
(9, 431),
(16, 431),
(25, 431),
(17, 431),
(23, 431),
(19, 431),
(27, 431),
(20, 431),
(22, 431),
(18, 431),
(24, 431),
(26, 431),
(14, 431),
(35, 431),
(32, 431),
(31, 431),
(38, 431),
(34, 431),
(36, 431),
(37, 431),
(33, 431),
(46, 431),
(1, 432),
(4, 432),
(13, 432),
(30, 432),
(6, 432),
(7, 432),
(8, 432),
(21, 432),
(39, 432),
(47, 432),
(41, 432),
(42, 432),
(44, 432),
(2, 433),
(4, 433),
(10, 433),
(29, 433),
(12, 433),
(9, 433),
(6, 433),
(13, 433),
(7, 433),
(14, 433),
(20, 433),
(23, 433),
(24, 433),
(16, 433),
(27, 433),
(22, 433),
(19, 433),
(33, 433),
(39, 433),
(43, 433),
(40, 433),
(45, 433),
(46, 433),
(42, 433),
(41, 433),
(44, 433),
(48, 433),
(1, 434),
(3, 434),
(11, 434),
(28, 434),
(8, 434),
(17, 434),
(18, 434),
(35, 434),
(31, 434),
(32, 434),
(49, 434),
(2, 435),
(3, 435),
(11, 435),
(28, 436),
(29, 435),
(6, 435),
(10, 435),
(8, 435),
(12, 435),
(17, 435),
(20, 435),
(25, 435),
(27, 435),
(21, 435),
(34, 435),
(35, 435),
(50, 435),
(41, 435),
(48, 435),
(45, 435),
(44, 435),
(46, 435),
(40, 435),
(39, 435),
(49, 435),
(47, 435),
(42, 435),
(43, 435),
(1, 436),
(4, 436),
(9, 436),
(30, 436),
(7, 436),
(24, 436),
(15, 436),
(32, 436),
(1, 437),
(4, 437),
(7, 437),
(28, 437),
(29, 437),
(13, 437),
(12, 437),
(6, 437),
(10, 437),
(11, 437),
(21, 437),
(24, 437),
(35, 437),
(36, 437),
(32, 437),
(44, 437),
(42, 437),
(40, 437),
(41, 437),
(43, 437),
(49, 437),
(45, 437),
(50, 437),
(46, 437),
(39, 437),
(2, 438),
(3, 438),
(9, 438),
(30, 438),
(8, 438),
(26, 438),
(23, 438),
(27, 438),
(15, 438),
(20, 438),
(14, 438),
(17, 438),
(22, 438),
(19, 438),
(37, 438),
(47, 438),
(2, 439),
(4, 439),
(9, 439),
(28, 439),
(7, 439),
(23, 439),
(16, 439),
(25, 439),
(17, 439),
(15, 439),
(26, 439),
(27, 439),
(19, 439),
(20, 439),
(34, 439),
(33, 439),
(36, 439),
(47, 439),
(39, 439),
(48, 439),
(44, 439),
(42, 439),
(40, 439),
(46, 439),
(1, 440),
(3, 440),
(8, 440),
(29, 440),
(12, 440),
(11, 440),
(10, 440),
(13, 440),
(14, 440),
(32, 440),
(35, 440),
(37, 440),
(38, 440),
(41, 440),
(43, 440),
(45, 440),
(2, 441),
(3, 441),
(12, 441),
(28, 441),
(6, 441),
(13, 441),
(10, 441),
(15, 441),
(24, 441),
(19, 441),
(26, 441),
(17, 441),
(25, 441),
(21, 441),
(14, 441),
(16, 441),
(23, 441),
(22, 441),
(20, 441),
(36, 441),
(34, 441),
(33, 441),
(31, 441),
(32, 441),
(35, 441),
(37, 441),
(38, 441),
(44, 441),
(46, 441),
(45, 441),
(39, 441),
(43, 441),
(49, 441),
(50, 441),
(47, 441),
(48, 441),
(41, 441),
(40, 441),
(42, 441),
(1, 442),
(5, 442),
(7, 442),
(30, 442),
(9, 442),
(8, 442),
(11, 442),
(18, 442),
(2, 443),
(5, 443),
(6, 443),
(30, 443),
(7, 443),
(12, 443),
(9, 443),
(13, 443),
(8, 443),
(18, 443),
(14, 443),
(24, 443),
(20, 443),
(26, 443),
(22, 443),
(19, 443),
(34, 443),
(33, 443),
(36, 443),
(32, 443),
(35, 443),
(37, 443),
(48, 443),
(44, 443),
(40, 443),
(46, 443),
(41, 443),
(43, 443),
(47, 443),
(42, 443),
(50, 443),
(49, 443),
(39, 443),
(45, 443),
(1, 444),
(4, 444),
(11, 444),
(28, 444),
(10, 444),
(15, 444),
(17, 444),
(31, 444),
(38, 444),
(2, 445),
(5, 445),
(9, 445),
(30, 445),
(12, 445),
(13, 445),
(7, 445),
(8, 445),
(20, 445),
(21, 445),
(19, 445),
(24, 445),
(16, 445),
(34, 445),
(35, 445),
(32, 445),
(36, 445),
(45, 445),
(44, 445),
(41, 445),
(39, 445),
(48, 445),
(46, 445),
(42, 445),
(40, 445),
(50, 445),
(49, 445),
(1, 446),
(4, 446),
(10, 446),
(29, 446),
(11, 446),
(14, 446),
(27, 446),
(18, 446),
(22, 446),
(23, 446),
(17, 446),
(38, 446),
(33, 446),
(31, 446),
(37, 446),
(43, 446),
(47, 446),
(2, 447),
(3, 447),
(6, 447),
(28, 447),
(8, 447),
(10, 447),
(11, 447),
(12, 447),
(13, 447),
(15, 447),
(17, 447),
(21, 447),
(23, 447),
(16, 447),
(27, 447),
(25, 447),
(19, 447),
(24, 447),
(26, 447),
(35, 447),
(38, 447),
(33, 447),
(34, 447),
(36, 447),
(37, 447),
(32, 447),
(41, 447),
(40, 447),
(45, 447),
(49, 447),
(44, 447),
(42, 447),
(43, 447),
(46, 447),
(48, 447),
(47, 447),
(1, 448),
(4, 448),
(7, 448),
(30, 448),
(9, 448),
(14, 448),
(18, 448),
(31, 448),
(50, 448),
(39, 448),
(1, 449),
(5, 449),
(11, 449),
(29, 449),
(6, 449),
(27, 449),
(23, 449),
(24, 449),
(17, 449),
(15, 449),
(20, 449),
(26, 449),
(21, 449),
(16, 449),
(36, 449),
(33, 449),
(47, 449),
(45, 449),
(39, 449),
(44, 449),
(50, 449),
(42, 449),
(49, 449),
(2, 450),
(3, 450),
(7, 450),
(30, 450),
(8, 450),
(22, 450),
(25, 450),
(38, 450),
(46, 450),
(41, 450),
(43, 450),
(2, 451),
(3, 451),
(8, 451),
(28, 451),
(10, 451),
(6, 451),
(7, 451),
(20, 451),
(18, 451),
(15, 451),
(23, 451),
(17, 451),
(21, 451),
(24, 451),
(27, 451),
(26, 451),
(22, 451),
(25, 451),
(38, 451),
(33, 451),
(37, 451),
(34, 451),
(36, 451),
(32, 451),
(35, 451),
(31, 451),
(41, 451),
(50, 451),
(39, 451),
(46, 451),
(44, 451),
(40, 451),
(47, 451),
(43, 451),
(49, 451),
(1, 452),
(4, 452),
(13, 452),
(29, 452),
(9, 452),
(16, 452),
(42, 452),
(45, 452),
(48, 452),
(2, 453),
(5, 453),
(10, 453),
(28, 454),
(30, 453),
(9, 453),
(7, 453),
(11, 453),
(12, 453),
(6, 453),
(26, 453),
(16, 453),
(27, 453),
(22, 453),
(18, 453),
(25, 453),
(15, 453),
(14, 453),
(20, 453),
(24, 453),
(19, 453),
(34, 453),
(31, 453),
(37, 453),
(32, 453),
(33, 453),
(47, 453),
(49, 453),
(42, 453),
(50, 453),
(43, 453),
(44, 453),
(40, 453),
(41, 453),
(45, 453),
(48, 453),
(39, 453),
(1, 454),
(4, 454),
(8, 454),
(29, 454),
(13, 454),
(17, 454),
(35, 454),
(38, 454),
(46, 454),
(2, 455),
(5, 455),
(10, 455),
(30, 455),
(9, 455),
(12, 455),
(6, 455),
(13, 455),
(17, 455),
(21, 455),
(27, 455),
(16, 455),
(14, 455),
(20, 455),
(23, 455),
(38, 455),
(36, 455),
(48, 455),
(1, 456),
(4, 456),
(8, 456),
(28, 456),
(11, 456),
(7, 456),
(22, 456),
(18, 456),
(25, 456),
(15, 456),
(26, 456),
(19, 456),
(32, 456),
(40, 456),
(49, 456),
(1, 457),
(4, 457),
(12, 457),
(29, 457),
(13, 457),
(11, 457),
(7, 457),
(25, 457),
(15, 457),
(14, 457),
(16, 457),
(23, 457),
(27, 457),
(22, 457),
(17, 457),
(33, 457),
(38, 457),
(32, 457),
(34, 457),
(31, 457),
(46, 457),
(49, 457),
(44, 457),
(43, 457),
(45, 457),
(39, 457),
(2, 458),
(3, 458),
(6, 458),
(30, 458),
(9, 458),
(10, 458),
(20, 458),
(35, 458),
(37, 458),
(36, 458),
(41, 458),
(2, 459),
(5, 459),
(9, 459),
(30, 459),
(8, 459),
(13, 459),
(12, 459),
(10, 459),
(6, 459),
(7, 459),
(25, 459),
(20, 459),
(21, 459),
(15, 459),
(17, 459),
(19, 459),
(24, 459),
(14, 459),
(23, 459),
(18, 459),
(16, 459),
(27, 459),
(31, 459),
(36, 459),
(45, 459),
(1, 460),
(4, 460),
(11, 460),
(28, 460),
(26, 460),
(22, 460),
(33, 460),
(37, 460),
(35, 460),
(34, 460),
(38, 460),
(32, 460),
(44, 460),
(50, 460),
(48, 460),
(1, 461),
(5, 461),
(8, 461),
(28, 461),
(30, 461),
(12, 461),
(13, 461),
(10, 461),
(21, 461),
(26, 461),
(20, 461),
(17, 461),
(24, 461),
(23, 461),
(15, 461),
(22, 461),
(14, 461),
(36, 461),
(35, 461),
(33, 461),
(31, 461),
(43, 461),
(42, 461),
(48, 461),
(45, 461),
(50, 461),
(47, 461),
(39, 461),
(2, 462),
(3, 462),
(9, 462),
(29, 462),
(6, 462),
(19, 462),
(18, 462),
(16, 462),
(27, 462),
(38, 462),
(34, 462),
(32, 462),
(46, 462),
(1, 463),
(3, 463),
(12, 463),
(28, 463),
(29, 463),
(7, 463),
(8, 463),
(13, 463),
(11, 463),
(9, 463),
(16, 463),
(18, 463),
(27, 463),
(26, 463),
(21, 463),
(20, 463),
(23, 463),
(22, 463),
(14, 463),
(15, 463),
(25, 463),
(31, 463),
(34, 463),
(36, 463),
(38, 463),
(33, 463),
(37, 463),
(35, 463),
(41, 463),
(49, 463),
(48, 463),
(2, 464),
(4, 464),
(6, 464),
(30, 464),
(10, 464),
(24, 464),
(32, 464),
(40, 464),
(43, 464),
(45, 464),
(42, 464),
(44, 464),
(39, 464),
(46, 464),
(1, 465),
(5, 465),
(13, 465),
(30, 465),
(10, 465),
(7, 465),
(8, 465),
(25, 465),
(26, 465),
(21, 465),
(16, 465),
(24, 465),
(17, 465),
(18, 465),
(19, 465),
(27, 465),
(15, 465),
(23, 465),
(20, 465),
(22, 465),
(14, 465),
(37, 465),
(46, 465),
(48, 465),
(47, 465),
(39, 465),
(49, 465),
(45, 465),
(50, 465),
(43, 465),
(40, 465),
(2, 466),
(3, 466),
(9, 466),
(28, 466),
(11, 466),
(6, 466),
(12, 466),
(34, 466),
(33, 466),
(31, 466),
(36, 466),
(38, 466),
(42, 466),
(41, 466),
(44, 466),
(1, 467),
(5, 467),
(7, 467),
(30, 467),
(10, 467),
(11, 467),
(9, 467),
(6, 467),
(13, 467),
(27, 467),
(17, 467),
(24, 467),
(16, 467),
(14, 467),
(22, 467),
(21, 467),
(15, 467),
(25, 467),
(36, 467),
(31, 467),
(32, 467),
(34, 467),
(33, 467),
(37, 467),
(50, 467),
(47, 467),
(48, 467),
(40, 467),
(45, 467),
(39, 467),
(41, 467),
(49, 467),
(2, 468),
(4, 468),
(12, 468),
(29, 468),
(8, 468),
(26, 468),
(18, 468),
(23, 468),
(20, 468),
(38, 468),
(44, 468),
(46, 468),
(43, 468),
(2, 469),
(5, 469),
(6, 469),
(28, 469),
(13, 469),
(7, 469),
(9, 469),
(12, 469),
(27, 469),
(18, 469),
(24, 469),
(19, 469),
(14, 469),
(23, 469),
(25, 469),
(22, 469),
(26, 469),
(15, 469),
(31, 469),
(40, 469),
(46, 469),
(45, 469),
(44, 469),
(50, 469),
(41, 469),
(1, 470),
(4, 470),
(8, 470),
(30, 470),
(11, 470),
(10, 470),
(21, 470),
(17, 470),
(16, 470),
(20, 470),
(36, 470),
(33, 470),
(38, 470),
(37, 470),
(35, 470),
(42, 470),
(48, 470),
(49, 470),
(39, 470),
(2, 471),
(4, 471),
(12, 471),
(29, 472),
(28, 471),
(13, 471),
(21, 471),
(24, 471),
(14, 471),
(26, 471),
(25, 471),
(20, 471),
(19, 471),
(15, 471),
(35, 471),
(32, 471),
(49, 471),
(46, 471),
(47, 471),
(1, 472),
(3, 472),
(8, 472),
(30, 472),
(11, 472),
(22, 472),
(17, 472),
(18, 472),
(16, 472),
(23, 472),
(36, 472),
(33, 472),
(37, 472),
(39, 472),
(1, 473),
(5, 473),
(13, 473),
(28, 473),
(11, 473),
(12, 473),
(10, 473),
(7, 473),
(18, 473),
(19, 473),
(25, 473),
(15, 473),
(16, 473),
(24, 473),
(22, 473),
(23, 473),
(17, 473),
(27, 473),
(20, 473),
(21, 473),
(26, 473),
(14, 473),
(34, 473),
(43, 473),
(39, 473),
(47, 473),
(41, 473),
(42, 473),
(40, 473),
(44, 473),
(46, 473),
(2, 474),
(3, 474),
(8, 474),
(30, 474),
(9, 474),
(6, 474),
(31, 474),
(38, 474),
(35, 474),
(37, 474),
(50, 474),
(2, 475),
(5, 475),
(9, 475),
(28, 475),
(6, 475),
(19, 475),
(24, 475),
(17, 475),
(27, 475),
(14, 475),
(15, 475),
(22, 475),
(16, 475),
(26, 475),
(32, 475),
(38, 475),
(34, 475),
(36, 475),
(37, 475),
(31, 475),
(45, 475),
(50, 475),
(39, 475),
(40, 475),
(41, 475),
(47, 475),
(44, 475),
(42, 475),
(43, 475),
(49, 475),
(1, 476),
(3, 476),
(8, 476),
(29, 476),
(12, 476),
(7, 476),
(10, 476),
(18, 476),
(25, 476),
(21, 476),
(35, 476),
(33, 476),
(48, 476),
(2, 477),
(3, 477),
(11, 477),
(29, 477),
(8, 477),
(9, 477),
(13, 477),
(6, 477),
(10, 477),
(14, 477),
(25, 477),
(27, 477),
(15, 477),
(16, 477),
(21, 477),
(34, 477),
(32, 477),
(31, 477),
(35, 477),
(36, 477),
(37, 477),
(38, 477),
(33, 477),
(44, 477),
(40, 477),
(49, 477),
(41, 477),
(42, 477),
(43, 477),
(45, 477),
(39, 477),
(1, 478),
(4, 478),
(7, 478),
(30, 478),
(12, 478),
(19, 478),
(18, 478),
(17, 478),
(23, 478),
(50, 478),
(47, 478),
(1, 479),
(5, 479),
(9, 479),
(28, 479),
(30, 479),
(13, 479),
(7, 479),
(12, 479),
(23, 479),
(21, 479),
(26, 479),
(38, 479),
(34, 479),
(35, 479),
(47, 479),
(42, 479),
(45, 479),
(50, 479),
(46, 479),
(48, 479),
(39, 479),
(41, 479),
(49, 479),
(40, 479),
(44, 479),
(43, 479),
(2, 480),
(4, 480),
(11, 480),
(29, 480),
(8, 480),
(18, 480),
(33, 480),
(31, 480),
(37, 480),
(36, 480),
(32, 480),
(2, 481),
(4, 481),
(6, 481),
(29, 481),
(7, 481),
(10, 481),
(21, 481),
(22, 481),
(24, 481),
(19, 481),
(16, 481),
(14, 481),
(25, 481),
(23, 481),
(27, 481),
(26, 481),
(18, 481),
(34, 481),
(37, 481),
(32, 481),
(35, 481),
(49, 481),
(46, 481),
(44, 481),
(43, 481),
(45, 481),
(50, 481),
(42, 481),
(39, 481),
(1, 482),
(5, 482),
(11, 482),
(30, 482),
(12, 482),
(9, 482),
(8, 482),
(17, 482),
(15, 482),
(20, 482),
(36, 482),
(31, 482),
(40, 482),
(2, 483),
(5, 483),
(8, 483),
(28, 483),
(29, 483),
(12, 483),
(18, 483),
(26, 483),
(24, 483),
(23, 483),
(27, 483),
(16, 483),
(19, 483),
(22, 483),
(25, 483),
(20, 483),
(14, 483),
(34, 483),
(46, 483),
(50, 483),
(47, 483),
(48, 483),
(44, 483),
(45, 483),
(41, 483),
(42, 483),
(39, 483),
(1, 484),
(3, 484),
(7, 484),
(30, 484),
(6, 484),
(21, 484),
(31, 484),
(32, 484),
(37, 484),
(36, 484),
(35, 484),
(38, 484),
(43, 484),
(40, 484),
(1, 485),
(3, 485),
(11, 485),
(29, 485),
(9, 485),
(18, 485),
(16, 485),
(15, 485),
(22, 485),
(14, 485),
(26, 485),
(21, 485),
(20, 485),
(35, 485),
(38, 485),
(33, 485),
(34, 485),
(32, 485),
(31, 485),
(42, 485),
(50, 485),
(49, 485),
(39, 485),
(2, 486),
(5, 486),
(13, 486),
(30, 486),
(12, 486),
(6, 486),
(7, 486),
(25, 486),
(19, 486),
(23, 486),
(27, 486),
(37, 486),
(36, 486),
(40, 486),
(1, 487),
(5, 487),
(12, 487),
(29, 487),
(28, 487),
(9, 487),
(8, 487),
(21, 487),
(19, 487),
(22, 487),
(38, 487),
(37, 487),
(32, 487),
(33, 487),
(40, 487),
(49, 487),
(50, 487),
(42, 487),
(48, 487),
(43, 487),
(39, 487),
(44, 487),
(46, 487),
(45, 487),
(47, 487),
(41, 487),
(2, 488),
(4, 488),
(10, 488),
(30, 488),
(13, 488),
(11, 488),
(18, 488),
(20, 488),
(15, 488),
(26, 488),
(27, 488),
(23, 488),
(17, 488),
(14, 488),
(25, 488),
(24, 488),
(16, 488),
(35, 488),
(31, 488),
(34, 488),
(36, 488),
(1, 489),
(3, 489),
(13, 489),
(30, 489),
(7, 489),
(10, 489),
(21, 489),
(19, 489),
(25, 489),
(23, 489),
(27, 489),
(15, 489),
(14, 489),
(22, 489),
(26, 489),
(17, 489),
(24, 489),
(20, 489),
(18, 489),
(16, 489),
(33, 489),
(31, 489),
(35, 489),
(38, 489),
(36, 489),
(32, 489),
(45, 489),
(44, 489),
(43, 489),
(40, 489),
(39, 489),
(49, 489),
(46, 489),
(48, 489),
(42, 489),
(41, 489),
(47, 489),
(50, 489),
(2, 490),
(5, 490),
(12, 490),
(28, 490),
(6, 490),
(8, 490),
(34, 490),
(37, 490),
(1, 491),
(5, 491),
(9, 491),
(28, 491),
(12, 491),
(11, 491),
(6, 491),
(13, 491),
(16, 491),
(18, 491),
(20, 491),
(25, 491),
(36, 491),
(32, 491),
(37, 491),
(49, 491),
(2, 492),
(4, 492),
(8, 492),
(30, 492),
(7, 492),
(10, 492),
(24, 492),
(21, 492),
(15, 492),
(22, 492),
(23, 492),
(27, 492),
(19, 492),
(33, 492),
(31, 492),
(39, 492),
(46, 492),
(50, 492),
(41, 492),
(44, 492),
(45, 492),
(1, 493),
(5, 493),
(10, 493),
(28, 493),
(30, 493),
(13, 493),
(7, 493),
(6, 493),
(11, 493),
(18, 493),
(24, 493),
(27, 493),
(14, 493),
(16, 493),
(26, 493),
(19, 493),
(20, 493),
(25, 493),
(15, 493),
(23, 493),
(22, 493),
(17, 493),
(21, 493),
(32, 493),
(37, 493),
(33, 493),
(31, 493),
(34, 493),
(42, 493),
(40, 493),
(48, 493),
(46, 493),
(45, 493),
(44, 493),
(50, 493),
(41, 493),
(39, 493),
(49, 493),
(47, 493),
(43, 493),
(2, 494),
(4, 494),
(9, 494),
(29, 494),
(12, 494),
(35, 494),
(36, 494),
(38, 494),
(2, 495),
(4, 495),
(9, 495),
(29, 495),
(10, 495),
(12, 495),
(16, 495),
(21, 495),
(22, 495),
(26, 495),
(23, 495),
(25, 495),
(27, 495),
(20, 495),
(19, 495),
(24, 495),
(15, 495),
(14, 495),
(18, 495),
(17, 495),
(34, 495),
(32, 495),
(37, 495),
(38, 495),
(35, 495),
(33, 495),
(36, 495),
(45, 495),
(39, 495),
(50, 495),
(43, 495),
(44, 495),
(46, 495),
(42, 495),
(49, 495),
(40, 495),
(1, 496),
(5, 496),
(6, 496),
(28, 496),
(7, 496),
(31, 496),
(41, 496),
(1, 497),
(5, 497),
(11, 497),
(28, 497),
(29, 497),
(12, 497),
(22, 497),
(15, 497),
(20, 497),
(14, 497),
(16, 497),
(23, 497),
(19, 497),
(24, 497),
(18, 497),
(17, 497),
(21, 497),
(27, 497),
(26, 497),
(25, 497),
(36, 497),
(33, 497),
(38, 497),
(34, 497),
(37, 497),
(31, 497),
(50, 497),
(45, 497),
(47, 497),
(2, 498),
(3, 498),
(9, 498),
(30, 498),
(8, 498),
(7, 498),
(32, 498),
(41, 498),
(44, 498),
(43, 498),
(42, 498),
(2, 499),
(5, 499),
(6, 499),
(30, 499),
(8, 499),
(13, 499),
(12, 499),
(10, 499),
(17, 499),
(21, 499),
(18, 499),
(15, 499),
(25, 499),
(22, 499),
(37, 499),
(31, 499),
(36, 499),
(32, 499),
(35, 499),
(38, 499),
(34, 499),
(49, 499),
(44, 499),
(46, 499),
(45, 499),
(1, 500),
(4, 500),
(11, 500),
(29, 500),
(9, 500),
(26, 500),
(33, 500),
(42, 500),
(40, 500),
(43, 500),
(39, 500),
(50, 500),
(47, 500),
(48, 500),
(41, 500),
(1, 501),
(3, 501),
(7, 501),
(28, 501),
(13, 501),
(22, 501),
(18, 501),
(20, 501),
(23, 501),
(26, 501),
(19, 501),
(25, 501),
(38, 501),
(32, 501),
(33, 501),
(36, 501),
(34, 501),
(47, 501),
(50, 501),
(48, 501),
(41, 501),
(39, 501),
(46, 501),
(45, 501),
(43, 501),
(40, 501),
(2, 502),
(4, 502),
(11, 502),
(29, 502),
(8, 502),
(6, 502),
(9, 502),
(12, 502),
(14, 502),
(21, 502),
(15, 502),
(27, 502),
(24, 502),
(37, 502),
(35, 502),
(31, 502),
(42, 502),
(2, 503),
(4, 503),
(9, 503),
(29, 504),
(30, 503),
(10, 503),
(7, 503),
(12, 503),
(17, 503),
(22, 503),
(21, 503),
(25, 503),
(38, 503),
(37, 503),
(34, 503),
(39, 503),
(47, 503),
(45, 503),
(41, 503),
(48, 503),
(50, 503),
(40, 503),
(1, 504),
(5, 504),
(6, 504),
(28, 504),
(11, 504),
(8, 504),
(26, 504),
(19, 504),
(27, 504),
(15, 504),
(14, 504),
(20, 504),
(31, 504),
(44, 504),
(46, 504),
(2, 505),
(4, 505),
(11, 505),
(30, 505),
(29, 505),
(9, 505),
(8, 505),
(7, 505),
(6, 505),
(10, 505),
(24, 505),
(26, 505),
(14, 505),
(15, 505),
(21, 505),
(22, 505),
(25, 505),
(19, 505),
(17, 505),
(18, 505),
(16, 505),
(23, 505),
(27, 505),
(34, 505),
(33, 505),
(44, 505),
(40, 505),
(47, 505),
(43, 505),
(45, 505),
(1, 506),
(3, 506),
(13, 506),
(28, 506),
(12, 506),
(20, 506),
(32, 506),
(31, 506),
(38, 506),
(35, 506),
(37, 506),
(48, 506),
(46, 506),
(41, 506),
(39, 506),
(1, 507),
(4, 507),
(9, 507),
(28, 507),
(11, 507),
(12, 507),
(8, 507),
(13, 507),
(7, 507),
(21, 507),
(14, 507),
(27, 507),
(19, 507),
(23, 507),
(26, 507),
(22, 507),
(24, 507),
(17, 507),
(15, 507),
(36, 507),
(49, 507),
(48, 507),
(40, 507),
(46, 507),
(44, 507),
(47, 507),
(45, 507),
(43, 507),
(39, 507),
(41, 507),
(2, 508),
(5, 508),
(6, 508),
(29, 508),
(10, 508),
(25, 508),
(18, 508),
(20, 508),
(16, 508),
(37, 508),
(38, 508),
(32, 508),
(35, 508),
(33, 508),
(50, 508),
(2, 509),
(4, 509),
(9, 509),
(29, 509),
(30, 509),
(8, 509),
(12, 509),
(10, 509),
(26, 509),
(25, 509),
(18, 509),
(19, 509),
(24, 509),
(27, 509),
(34, 509),
(48, 509),
(46, 509),
(50, 509),
(1, 510),
(3, 510),
(11, 510),
(28, 510),
(7, 510),
(6, 510),
(21, 510),
(35, 510),
(32, 510),
(37, 510),
(38, 510),
(40, 510),
(43, 510),
(2, 511),
(4, 511),
(8, 511),
(29, 511),
(10, 511),
(11, 511),
(7, 511),
(13, 511),
(19, 511),
(17, 511),
(15, 511),
(27, 511),
(24, 511),
(22, 511),
(16, 511),
(20, 511),
(26, 511),
(21, 511),
(25, 511),
(23, 511),
(14, 511),
(35, 511),
(37, 511),
(33, 511),
(32, 511),
(38, 511),
(36, 511),
(49, 511),
(42, 511),
(45, 511),
(43, 511),
(40, 511),
(41, 511),
(48, 511),
(50, 511),
(39, 511),
(46, 511),
(47, 511),
(1, 512),
(5, 512),
(6, 512),
(30, 512),
(9, 512),
(12, 512),
(18, 512),
(34, 512),
(44, 512),
(1, 513),
(5, 513),
(12, 513),
(29, 514),
(28, 513),
(13, 513),
(9, 513),
(6, 513),
(8, 513),
(7, 513),
(10, 513),
(22, 513),
(36, 513),
(44, 513),
(50, 513),
(41, 513),
(42, 513),
(48, 513),
(46, 513),
(40, 513),
(39, 513),
(43, 513),
(45, 513),
(2, 514),
(3, 514),
(11, 514),
(30, 514),
(23, 514),
(27, 514),
(25, 514),
(32, 514),
(38, 514),
(37, 514),
(49, 514),
(2, 515),
(3, 515),
(8, 515),
(28, 515),
(6, 515),
(9, 515),
(11, 515),
(12, 515),
(10, 515),
(7, 515),
(21, 515),
(25, 515),
(26, 515),
(16, 515),
(19, 515),
(24, 515),
(15, 515),
(22, 515),
(27, 515),
(23, 515),
(20, 515),
(36, 515),
(34, 515),
(33, 515),
(42, 515),
(44, 515),
(49, 515),
(47, 515),
(40, 515),
(45, 515),
(50, 515),
(1, 516),
(5, 516),
(13, 516),
(29, 516),
(14, 516),
(17, 516),
(37, 516),
(39, 516),
(41, 516),
(48, 516),
(46, 516),
(2, 517),
(3, 517),
(13, 517),
(30, 517),
(6, 517),
(12, 517),
(19, 517),
(27, 517),
(17, 517),
(22, 517),
(20, 517),
(23, 517),
(38, 517),
(36, 517),
(35, 517),
(33, 517),
(32, 517),
(31, 517),
(44, 517),
(40, 517),
(42, 517),
(50, 517),
(48, 517),
(45, 517),
(1, 518),
(4, 518),
(7, 518),
(28, 518),
(11, 518),
(8, 518),
(15, 518),
(24, 518),
(14, 518),
(25, 518),
(16, 518),
(26, 518),
(21, 518),
(37, 518),
(34, 518),
(49, 518),
(1, 519),
(4, 519),
(13, 519),
(30, 519),
(12, 519),
(9, 519),
(25, 519),
(23, 519),
(26, 519),
(20, 519),
(14, 519),
(24, 519),
(33, 519),
(31, 519),
(32, 519),
(34, 519),
(35, 519),
(38, 519),
(36, 519),
(37, 519),
(46, 519),
(49, 519),
(40, 519),
(44, 519),
(42, 519),
(41, 519),
(48, 519),
(39, 519),
(2, 520),
(3, 520),
(6, 520),
(29, 520),
(8, 520),
(15, 520),
(16, 520),
(27, 520),
(18, 520),
(21, 520),
(22, 520),
(50, 520),
(43, 520),
(45, 520),
(47, 520),
(2, 521),
(3, 521),
(7, 521),
(30, 521),
(8, 521),
(11, 521),
(12, 521),
(13, 521),
(6, 521),
(10, 521),
(15, 521),
(20, 521),
(21, 521),
(16, 521),
(17, 521),
(23, 521),
(22, 521),
(14, 521),
(35, 521),
(37, 521),
(32, 521),
(36, 521),
(34, 521),
(33, 521),
(31, 521),
(38, 521),
(45, 521),
(48, 521),
(1, 522),
(5, 522),
(9, 522),
(28, 522),
(24, 522),
(26, 522),
(40, 522),
(49, 522),
(50, 522),
(46, 522),
(44, 522),
(43, 522),
(42, 522),
(47, 522),
(1, 523),
(5, 523),
(10, 523),
(29, 523),
(9, 523),
(11, 523),
(13, 523),
(25, 523),
(18, 523),
(22, 523),
(24, 523),
(26, 523),
(15, 523),
(17, 523),
(33, 523),
(36, 523),
(32, 523),
(31, 523),
(38, 523),
(37, 523),
(35, 523),
(34, 523),
(47, 523),
(42, 523),
(40, 523),
(50, 523),
(41, 523),
(46, 523),
(48, 523),
(2, 524),
(4, 524),
(6, 524),
(30, 524),
(7, 524),
(27, 524),
(14, 524),
(16, 524),
(21, 524),
(19, 524),
(20, 524),
(23, 524),
(45, 524),
(39, 524),
(43, 524),
(44, 524),
(1, 525),
(3, 525),
(10, 525),
(29, 525),
(9, 525),
(8, 525),
(27, 525),
(15, 525),
(20, 525),
(16, 525),
(21, 525),
(24, 525),
(18, 525),
(26, 525),
(32, 525),
(36, 525),
(33, 525),
(37, 525),
(35, 525),
(38, 525),
(50, 525),
(47, 525),
(43, 525),
(42, 525),
(39, 525),
(40, 525),
(49, 525),
(2, 526),
(5, 526),
(11, 526),
(28, 526),
(6, 526),
(17, 526),
(25, 526),
(22, 526),
(19, 526),
(14, 526),
(23, 526),
(34, 526),
(31, 526),
(48, 526),
(44, 526),
(2, 527),
(5, 527),
(13, 527),
(30, 527),
(6, 527),
(9, 527),
(12, 527),
(14, 527),
(24, 527),
(25, 527),
(19, 527),
(15, 527),
(27, 527),
(26, 527),
(22, 527),
(23, 527),
(31, 527),
(34, 527),
(37, 527),
(38, 527),
(32, 527),
(33, 527),
(36, 527),
(35, 527),
(47, 527),
(49, 527),
(50, 527),
(46, 527),
(1, 528),
(3, 528),
(11, 528),
(29, 528),
(7, 528),
(8, 528),
(10, 528),
(18, 528),
(16, 528),
(39, 528),
(44, 528),
(40, 528),
(41, 528),
(43, 528),
(1, 529),
(4, 529),
(11, 529),
(29, 530),
(28, 529),
(12, 529),
(6, 529),
(13, 529),
(9, 529),
(7, 529),
(8, 529),
(24, 529),
(20, 529),
(14, 529),
(16, 529),
(26, 529),
(23, 529),
(22, 529),
(34, 529),
(46, 529),
(39, 529),
(2, 530),
(5, 530),
(10, 530),
(30, 530),
(27, 530),
(19, 530),
(15, 530),
(18, 530),
(21, 530),
(36, 530),
(38, 530),
(37, 530),
(31, 530),
(35, 530),
(41, 530),
(1, 531),
(4, 531),
(10, 531),
(30, 531),
(7, 531),
(17, 531),
(18, 531),
(14, 531),
(16, 531),
(24, 531),
(25, 531),
(22, 531),
(26, 531),
(32, 531),
(38, 531),
(31, 531),
(35, 531),
(43, 531),
(48, 531),
(46, 531),
(47, 531),
(2, 532),
(3, 532),
(9, 532),
(29, 532),
(8, 532),
(20, 532),
(19, 532),
(27, 532),
(21, 532),
(15, 532),
(23, 532),
(36, 532),
(33, 532),
(37, 532),
(34, 532),
(41, 532),
(44, 532),
(50, 532),
(45, 532),
(49, 532),
(42, 532),
(40, 532),
(2, 533),
(5, 533),
(11, 533),
(29, 533),
(12, 533),
(10, 533),
(9, 533),
(6, 533),
(7, 533),
(18, 533),
(23, 533),
(14, 533),
(27, 533),
(16, 533),
(25, 533),
(21, 533),
(24, 533),
(17, 533),
(20, 533),
(15, 533),
(26, 533),
(22, 533),
(31, 533),
(45, 533),
(42, 533),
(47, 533),
(43, 533),
(1, 534),
(4, 534),
(8, 534),
(28, 534),
(13, 534),
(19, 534),
(33, 534),
(32, 534),
(44, 534),
(41, 534),
(50, 534),
(40, 534),
(2, 535),
(4, 535),
(7, 535),
(28, 535),
(29, 535),
(9, 535),
(10, 535),
(13, 535),
(11, 535),
(12, 535),
(26, 535),
(23, 535),
(16, 535),
(27, 535),
(22, 535),
(20, 535),
(24, 535),
(38, 535),
(34, 535),
(36, 535),
(33, 535),
(35, 535),
(49, 535),
(39, 535),
(48, 535),
(47, 535),
(40, 535),
(44, 535),
(46, 535),
(42, 535),
(45, 535),
(50, 535),
(41, 535),
(1, 536),
(5, 536),
(8, 536),
(30, 536),
(6, 536),
(19, 536),
(18, 536),
(14, 536),
(25, 536),
(32, 536),
(43, 536),
(2, 537),
(4, 537),
(7, 537),
(30, 537),
(6, 537),
(8, 537),
(10, 537),
(12, 537),
(11, 537),
(15, 537),
(27, 537),
(21, 537),
(19, 537),
(26, 537),
(25, 537),
(18, 537),
(16, 537),
(31, 537),
(38, 537),
(33, 537),
(34, 537),
(35, 537),
(36, 537),
(39, 537),
(45, 537),
(44, 537),
(47, 537),
(41, 537),
(48, 537),
(40, 537),
(50, 537),
(49, 537),
(46, 537),
(1, 538),
(3, 538),
(13, 538),
(28, 538),
(9, 538),
(24, 538),
(22, 538),
(37, 538),
(42, 538),
(43, 538),
(2, 539),
(5, 539),
(11, 539),
(28, 539),
(13, 539),
(8, 539),
(9, 539),
(6, 539),
(12, 539),
(23, 539),
(27, 539),
(25, 539),
(31, 539),
(37, 539),
(34, 539),
(36, 539),
(44, 539),
(46, 539),
(39, 539),
(50, 539),
(47, 539),
(45, 539),
(41, 539),
(49, 539),
(40, 539),
(48, 539),
(42, 539),
(43, 539),
(1, 540),
(3, 540),
(7, 540),
(29, 540),
(10, 540),
(26, 540),
(21, 540),
(32, 540),
(38, 540),
(33, 540),
(2, 541),
(5, 541),
(12, 541),
(28, 541),
(6, 541),
(13, 541),
(9, 541),
(8, 541),
(23, 541),
(16, 541),
(24, 541),
(14, 541),
(31, 541),
(33, 541),
(37, 541),
(34, 541),
(36, 541),
(38, 541),
(45, 541),
(42, 541),
(40, 541),
(49, 541),
(43, 541),
(46, 541),
(48, 541),
(1, 542),
(3, 542),
(11, 542),
(30, 542),
(10, 542),
(7, 542),
(17, 542),
(27, 542),
(20, 542),
(21, 542),
(32, 542),
(41, 542),
(47, 542),
(50, 542),
(2, 543),
(3, 543),
(7, 543),
(28, 543),
(10, 543),
(6, 543),
(8, 543),
(15, 543),
(21, 543),
(27, 543),
(18, 543),
(19, 543),
(24, 543),
(23, 543),
(14, 543),
(25, 543),
(38, 543),
(34, 543),
(36, 543),
(32, 543),
(37, 543),
(31, 543),
(47, 543),
(49, 543),
(50, 543),
(39, 543),
(46, 543),
(41, 543),
(1, 544),
(5, 544),
(11, 544),
(29, 544),
(9, 544),
(12, 544),
(13, 544),
(20, 544),
(33, 544),
(48, 544),
(43, 544),
(44, 544),
(45, 544),
(40, 544),
(2, 545),
(4, 545),
(6, 545),
(28, 545),
(30, 545),
(7, 545),
(9, 545),
(8, 545),
(10, 545),
(23, 545),
(20, 545),
(36, 545),
(41, 545),
(48, 545),
(46, 545),
(42, 545),
(44, 545),
(50, 545),
(49, 545),
(39, 545),
(40, 545),
(45, 545),
(47, 545),
(43, 545),
(1, 546),
(5, 546),
(13, 546),
(29, 546),
(11, 546),
(24, 546),
(16, 546),
(19, 546),
(18, 546),
(21, 546),
(17, 546),
(25, 546),
(22, 546),
(15, 546),
(14, 546),
(38, 546),
(37, 546),
(34, 546),
(33, 546),
(32, 546),
(2, 547),
(5, 547),
(7, 547),
(28, 547),
(11, 547),
(12, 547),
(24, 547),
(26, 547),
(17, 547),
(15, 547),
(22, 547),
(19, 547),
(21, 547),
(20, 547),
(16, 547),
(25, 547),
(27, 547),
(14, 547),
(18, 547),
(35, 547),
(38, 547),
(42, 547),
(48, 547),
(46, 547),
(49, 547),
(43, 547),
(1, 548),
(4, 548),
(8, 548),
(30, 548),
(9, 548),
(10, 548),
(23, 548),
(34, 548),
(33, 548),
(36, 548),
(32, 548),
(31, 548),
(37, 548),
(47, 548),
(39, 548),
(50, 548),
(41, 548),
(2, 549),
(3, 549),
(8, 549),
(29, 549),
(13, 549),
(15, 549),
(38, 549),
(31, 549),
(32, 549),
(35, 549),
(34, 549),
(37, 549),
(33, 549),
(36, 549),
(44, 549),
(49, 549),
(42, 549),
(46, 549),
(47, 549),
(41, 549),
(1, 550),
(4, 550),
(9, 550),
(30, 550),
(12, 550),
(16, 550),
(22, 550),
(24, 550),
(18, 550),
(21, 550),
(17, 550),
(27, 550),
(14, 550),
(40, 550),
(50, 550),
(2, 551),
(4, 551),
(8, 551),
(29, 551),
(30, 551),
(9, 551),
(6, 551),
(11, 551),
(10, 551),
(20, 551),
(34, 551),
(35, 551),
(36, 551),
(32, 551),
(31, 551),
(43, 551),
(46, 551),
(44, 551),
(49, 551),
(47, 551),
(48, 551),
(39, 551),
(45, 551),
(41, 551),
(42, 551),
(40, 551),
(50, 551),
(1, 552),
(3, 552),
(12, 552),
(28, 552),
(7, 552),
(27, 552),
(24, 552),
(25, 552),
(26, 552),
(14, 552),
(17, 552),
(16, 552),
(33, 552),
(1, 553),
(4, 553),
(9, 553),
(28, 553),
(8, 553),
(22, 553),
(21, 553),
(15, 553),
(16, 553),
(27, 553),
(26, 553),
(19, 553),
(24, 553),
(14, 553),
(18, 553),
(17, 553),
(25, 553),
(23, 553),
(20, 553),
(38, 553),
(42, 553),
(48, 553),
(2, 554),
(3, 554),
(13, 554),
(30, 554),
(10, 554),
(7, 554),
(12, 554),
(6, 554),
(11, 554),
(35, 554),
(33, 554),
(36, 554),
(31, 554),
(41, 554),
(1, 555),
(5, 555),
(11, 555),
(29, 555),
(30, 555),
(12, 555),
(26, 555),
(27, 555),
(21, 555),
(18, 555),
(34, 555),
(32, 555),
(33, 555),
(43, 555),
(42, 555),
(44, 555),
(41, 555),
(50, 555),
(48, 555),
(47, 555),
(40, 555),
(39, 555),
(45, 555),
(2, 556),
(3, 556),
(6, 556),
(28, 556),
(7, 556),
(8, 556),
(13, 556),
(19, 556),
(25, 556),
(16, 556),
(15, 556),
(17, 556),
(22, 556),
(20, 556),
(23, 556),
(31, 556),
(38, 556),
(49, 556),
(2, 557),
(4, 557),
(10, 557),
(29, 558),
(30, 557),
(9, 557),
(8, 557),
(13, 557),
(6, 557),
(7, 557),
(12, 557),
(16, 557),
(23, 557),
(24, 557),
(21, 557),
(22, 557),
(19, 557),
(33, 557),
(37, 557),
(38, 557),
(34, 557),
(36, 557),
(48, 557),
(39, 557),
(40, 557),
(49, 557),
(42, 557),
(1, 558),
(5, 558),
(11, 558),
(28, 558),
(17, 558),
(14, 558),
(27, 558),
(26, 558),
(25, 558),
(15, 558),
(35, 558),
(32, 558),
(45, 558),
(43, 558),
(50, 558),
(46, 558),
(44, 558),
(47, 558),
(1, 559),
(4, 559),
(6, 559),
(29, 559),
(10, 559),
(8, 559),
(13, 559),
(20, 559),
(23, 559),
(17, 559),
(19, 559),
(22, 559),
(27, 559),
(18, 559),
(26, 559),
(24, 559),
(15, 559),
(25, 559),
(16, 559),
(21, 559),
(37, 559),
(31, 559),
(35, 559),
(38, 559),
(34, 559),
(33, 559),
(32, 559),
(43, 559),
(50, 559),
(42, 559),
(45, 559),
(48, 559),
(44, 559),
(49, 559),
(2, 560),
(5, 560),
(12, 560),
(28, 560),
(11, 560),
(14, 560),
(36, 560),
(46, 560),
(2, 561),
(4, 561),
(11, 561),
(28, 561),
(6, 561),
(26, 561),
(21, 561),
(22, 561),
(24, 561),
(17, 561),
(18, 561),
(31, 561),
(33, 561),
(38, 561),
(34, 561),
(32, 561),
(37, 561),
(47, 561),
(1, 562),
(5, 562),
(7, 562),
(29, 562),
(13, 562),
(10, 562),
(8, 562),
(12, 562),
(9, 562),
(15, 562),
(20, 562),
(36, 562),
(35, 562),
(40, 562),
(43, 562),
(48, 562),
(49, 562),
(44, 562),
(42, 562),
(46, 562),
(50, 562),
(41, 562),
(1, 563),
(4, 563),
(7, 563),
(29, 563),
(13, 563),
(8, 563),
(10, 563),
(20, 563),
(16, 563),
(32, 563),
(33, 563),
(37, 563),
(38, 563),
(36, 563),
(31, 563),
(39, 563),
(43, 563),
(40, 563),
(47, 563),
(2, 564),
(3, 564),
(11, 564),
(28, 564),
(12, 564),
(6, 564),
(26, 564),
(21, 564),
(15, 564),
(18, 564),
(19, 564),
(23, 564),
(24, 564),
(17, 564),
(25, 564),
(22, 564),
(14, 564),
(35, 564),
(34, 564),
(49, 564),
(45, 564),
(50, 564),
(44, 564),
(41, 564),
(48, 564),
(42, 564),
(46, 564),
(2, 565),
(3, 565),
(11, 565),
(30, 566),
(29, 565),
(8, 565),
(9, 565),
(7, 565),
(10, 565),
(12, 565),
(6, 565),
(20, 565),
(22, 565),
(17, 565),
(18, 565),
(19, 565),
(16, 565),
(23, 565),
(38, 565),
(31, 565),
(34, 565),
(35, 565),
(37, 565),
(36, 565),
(33, 565),
(32, 565),
(47, 565),
(42, 565),
(1, 566),
(5, 566),
(13, 566),
(28, 566),
(27, 566),
(24, 566),
(26, 566),
(21, 566),
(25, 566),
(39, 566),
(45, 566),
(46, 566),
(50, 566),
(2, 567),
(4, 567),
(7, 567),
(28, 567),
(10, 567),
(6, 567),
(13, 567),
(9, 567),
(8, 567),
(11, 567),
(14, 567),
(34, 567),
(35, 567),
(31, 567),
(37, 567),
(36, 567),
(33, 567),
(47, 567),
(39, 567),
(41, 567),
(44, 567),
(42, 567),
(43, 567),
(49, 567),
(40, 567),
(50, 567),
(45, 567),
(46, 567),
(1, 568),
(3, 568),
(12, 568),
(30, 568),
(22, 568),
(16, 568),
(32, 568),
(48, 568),
(2, 569),
(5, 569),
(10, 569),
(28, 569),
(6, 569),
(9, 569),
(13, 569),
(21, 569),
(17, 569),
(22, 569),
(18, 569),
(16, 569),
(26, 569),
(23, 569),
(24, 569),
(27, 569),
(19, 569),
(14, 569),
(15, 569),
(31, 569),
(37, 569),
(35, 569),
(34, 569),
(32, 569),
(38, 569),
(45, 569),
(43, 569),
(42, 569),
(41, 569),
(49, 569),
(1, 570),
(3, 570),
(7, 570),
(29, 570),
(12, 570),
(8, 570),
(20, 570),
(33, 570),
(47, 570),
(39, 570),
(46, 570),
(40, 570),
(48, 570),
(2, 571),
(5, 571),
(9, 571),
(29, 571),
(7, 571),
(8, 571),
(11, 571),
(13, 571),
(10, 571),
(24, 571),
(22, 571),
(14, 571),
(15, 571),
(21, 571),
(16, 571),
(18, 571),
(26, 571),
(31, 571),
(32, 571),
(35, 571),
(33, 571),
(50, 571),
(1, 572),
(4, 572),
(6, 572),
(28, 572),
(12, 572),
(23, 572),
(27, 572),
(25, 572),
(20, 572),
(37, 572),
(36, 572),
(47, 572),
(41, 572),
(42, 572),
(43, 572),
(40, 572),
(49, 572),
(39, 572),
(48, 572),
(44, 572),
(2, 573),
(5, 573),
(8, 573),
(28, 573),
(9, 573),
(11, 573),
(6, 573),
(12, 573),
(14, 573),
(22, 573),
(17, 573),
(18, 573),
(23, 573),
(27, 573),
(25, 573),
(16, 573),
(15, 573),
(38, 573),
(36, 573),
(34, 573),
(33, 573),
(32, 573),
(35, 573),
(37, 573),
(46, 573),
(43, 573),
(39, 573),
(42, 573),
(48, 573),
(1, 574),
(4, 574),
(7, 574),
(30, 574),
(10, 574),
(19, 574),
(24, 574),
(26, 574),
(20, 574),
(31, 574),
(44, 574),
(40, 574),
(41, 574),
(1, 575),
(5, 575),
(10, 575),
(30, 575),
(9, 575),
(8, 575),
(23, 575),
(27, 575),
(18, 575),
(25, 575),
(17, 575),
(21, 575),
(24, 575),
(19, 575),
(26, 575),
(37, 575),
(33, 575),
(34, 575),
(35, 575),
(36, 575),
(49, 575),
(41, 575),
(2, 576),
(3, 576),
(13, 576),
(28, 576),
(11, 576),
(6, 576),
(12, 576),
(14, 576),
(31, 576),
(38, 576),
(32, 576),
(47, 576),
(44, 576),
(40, 576),
(2, 577),
(3, 577),
(8, 577),
(29, 577),
(30, 577),
(13, 577),
(9, 577),
(10, 577),
(7, 577),
(12, 577),
(14, 577),
(24, 577),
(22, 577),
(15, 577),
(19, 577),
(16, 577),
(17, 577),
(21, 577),
(27, 577),
(26, 577),
(18, 577),
(25, 577),
(20, 577),
(23, 577),
(34, 577),
(33, 577),
(35, 577),
(39, 577),
(48, 577),
(41, 577),
(42, 577),
(50, 577),
(45, 577),
(44, 577),
(49, 577),
(43, 577),
(1, 578),
(5, 578),
(11, 578),
(28, 578),
(6, 578),
(31, 578),
(36, 578),
(38, 578),
(37, 578),
(40, 578),
(1, 579),
(5, 579),
(12, 579),
(29, 579),
(8, 579),
(10, 579),
(13, 579),
(20, 579),
(17, 579),
(16, 579),
(33, 579),
(32, 579),
(37, 579),
(34, 579),
(36, 579),
(35, 579),
(31, 579),
(42, 579),
(46, 579),
(45, 579),
(48, 579),
(2, 580),
(3, 580),
(9, 580),
(30, 580),
(6, 580),
(19, 580),
(25, 580),
(22, 580),
(26, 580),
(23, 580),
(21, 580),
(15, 580),
(38, 580),
(44, 580),
(1, 581),
(3, 581),
(11, 581),
(30, 581),
(13, 581),
(6, 581),
(9, 581),
(19, 581),
(22, 581),
(20, 581),
(24, 581),
(14, 581),
(15, 581),
(16, 581),
(17, 581),
(21, 581),
(25, 581),
(27, 581),
(38, 581),
(35, 581),
(37, 581),
(32, 581),
(31, 581),
(34, 581),
(36, 581),
(33, 581),
(40, 581),
(48, 581),
(42, 581),
(2, 582),
(4, 582),
(12, 582),
(29, 582),
(7, 582),
(10, 582),
(26, 582),
(23, 582),
(18, 582),
(46, 582),
(45, 582),
(44, 582),
(41, 582),
(1, 583),
(4, 583),
(11, 583),
(28, 583),
(9, 583),
(6, 583),
(12, 583),
(8, 583),
(7, 583),
(10, 583),
(21, 583),
(23, 583),
(14, 583),
(17, 583),
(26, 583),
(27, 583),
(18, 583),
(16, 583),
(15, 583),
(37, 583),
(33, 583),
(38, 583),
(34, 583),
(32, 583),
(48, 583),
(43, 583),
(47, 583),
(49, 583),
(40, 583),
(46, 583),
(45, 583),
(2, 584),
(5, 584),
(13, 584),
(29, 584),
(25, 584),
(24, 584),
(22, 584),
(35, 584),
(36, 584),
(42, 584),
(39, 584),
(1, 585),
(3, 585),
(8, 585),
(30, 585),
(10, 585),
(6, 585),
(13, 585),
(18, 585),
(20, 585),
(27, 585),
(22, 585),
(19, 585),
(14, 585),
(23, 585),
(21, 585),
(25, 585),
(24, 585),
(26, 585),
(16, 585),
(15, 585),
(17, 585),
(38, 585),
(46, 585),
(40, 585),
(45, 585),
(50, 585),
(2, 586),
(4, 586),
(7, 586),
(28, 586),
(12, 586),
(9, 586),
(11, 586),
(34, 586),
(32, 586),
(47, 586),
(42, 586),
(49, 586),
(41, 586),
(48, 586),
(39, 586),
(44, 586),
(43, 586),
(2, 587),
(3, 587),
(9, 587),
(30, 587),
(6, 587),
(20, 587),
(15, 587),
(26, 587),
(17, 587),
(25, 587),
(27, 587),
(14, 587),
(19, 587),
(24, 587),
(18, 587),
(31, 587),
(38, 587),
(32, 587),
(34, 587),
(36, 587),
(37, 587),
(50, 587),
(43, 587),
(47, 587),
(48, 587),
(1, 588),
(5, 588),
(7, 588),
(28, 588),
(12, 588),
(10, 588),
(13, 588),
(21, 588),
(16, 588),
(22, 588),
(33, 588),
(42, 588),
(41, 588),
(44, 588),
(49, 588),
(2, 589),
(3, 589),
(8, 589),
(29, 589),
(6, 589),
(12, 589),
(7, 589),
(11, 589),
(9, 589),
(23, 589),
(19, 589),
(24, 589),
(27, 589),
(20, 589),
(18, 589),
(15, 589),
(26, 589),
(22, 589),
(35, 589),
(37, 589),
(47, 589),
(40, 589),
(44, 589),
(48, 589),
(41, 589),
(43, 589),
(49, 589),
(39, 589),
(45, 589),
(46, 589),
(1, 590),
(5, 590),
(13, 590),
(28, 590),
(10, 590),
(17, 590),
(14, 590),
(25, 590),
(16, 590),
(38, 590),
(31, 590),
(32, 590),
(36, 590),
(33, 590),
(34, 590),
(42, 590),
(2, 591),
(4, 591),
(11, 591),
(28, 591),
(9, 591),
(12, 591),
(7, 591),
(25, 591),
(14, 591),
(19, 591),
(17, 591),
(16, 591),
(22, 591),
(20, 591),
(27, 591),
(33, 591),
(34, 591),
(31, 591),
(38, 591),
(39, 591),
(47, 591),
(44, 591),
(1, 592),
(5, 592),
(10, 592),
(30, 592),
(13, 592),
(24, 592),
(26, 592),
(15, 592),
(35, 592),
(40, 592),
(48, 592),
(50, 592),
(45, 592),
(46, 592),
(41, 592),
(43, 592),
(42, 592),
(49, 592),
(1, 593),
(5, 593),
(7, 593),
(29, 593),
(10, 593),
(12, 593),
(8, 593),
(21, 593),
(24, 593),
(22, 593),
(20, 593),
(32, 593),
(36, 593),
(35, 593),
(44, 593),
(46, 593),
(2, 594),
(4, 594),
(11, 594),
(30, 594),
(9, 594),
(17, 594),
(15, 594),
(23, 594),
(14, 594),
(27, 594),
(19, 594),
(26, 594),
(16, 594),
(18, 594),
(25, 594),
(37, 594),
(38, 594),
(31, 594),
(33, 594),
(34, 594),
(42, 594),
(43, 594),
(2, 595),
(4, 595),
(10, 595),
(29, 595),
(9, 595),
(8, 595),
(11, 595),
(7, 595),
(6, 595),
(15, 595),
(25, 595),
(19, 595),
(14, 595),
(24, 595),
(21, 595),
(31, 595),
(34, 595),
(36, 595),
(35, 595),
(33, 595),
(43, 595),
(46, 595),
(42, 595),
(39, 595),
(50, 595),
(49, 595),
(1, 596),
(5, 596),
(12, 596),
(30, 596),
(13, 596),
(27, 596),
(38, 596),
(41, 596),
(47, 596),
(1, 597),
(4, 597),
(11, 597),
(29, 597),
(8, 597),
(12, 597),
(7, 597),
(10, 597),
(17, 597),
(18, 597),
(15, 597),
(21, 597),
(16, 597),
(20, 597),
(23, 597),
(22, 597),
(24, 597),
(26, 597),
(14, 597),
(25, 597),
(27, 597),
(19, 597),
(34, 597),
(43, 597),
(2, 598),
(3, 598),
(6, 598),
(30, 598),
(13, 598),
(9, 598),
(36, 598),
(31, 598),
(48, 598),
(50, 598),
(41, 598),
(1, 599),
(5, 599),
(8, 599),
(29, 599),
(11, 599),
(13, 599),
(6, 599),
(7, 599),
(10, 599),
(9, 599),
(22, 599),
(14, 599),
(21, 599),
(17, 599),
(27, 599),
(20, 599),
(25, 599),
(23, 599),
(26, 599),
(35, 599),
(37, 599),
(31, 599),
(32, 599),
(43, 599),
(50, 599),
(44, 599),
(48, 599),
(47, 599),
(46, 599),
(49, 599),
(39, 599),
(42, 599),
(41, 599),
(40, 599),
(2, 600),
(4, 600),
(12, 600),
(30, 600),
(16, 600),
(19, 600),
(33, 600),
(45, 600),
(2, 601),
(4, 601),
(9, 601),
(28, 601),
(6, 601),
(10, 601),
(13, 601),
(8, 601),
(12, 601),
(11, 601),
(27, 601),
(17, 601),
(25, 601),
(21, 601),
(20, 601),
(19, 601),
(18, 601),
(16, 601),
(23, 601),
(24, 601),
(26, 601),
(22, 601),
(14, 601),
(32, 601),
(37, 601),
(31, 601),
(35, 601),
(34, 601),
(41, 601),
(47, 601),
(50, 601),
(43, 601),
(1, 602),
(5, 602),
(7, 602),
(30, 602),
(15, 602),
(38, 602),
(44, 602),
(46, 602),
(45, 602),
(2, 603),
(3, 603),
(11, 603),
(28, 603),
(13, 603),
(7, 603),
(14, 603),
(19, 603),
(27, 603),
(16, 603),
(21, 603),
(15, 603),
(26, 603),
(17, 603),
(35, 603),
(38, 603),
(34, 603),
(37, 603),
(33, 603),
(31, 603),
(36, 603),
(32, 603),
(49, 603),
(42, 603),
(47, 603),
(43, 603),
(45, 603),
(40, 603),
(48, 603),
(41, 603),
(46, 603),
(39, 603),
(1, 604),
(4, 604),
(10, 604),
(29, 604),
(12, 604),
(24, 604),
(22, 604),
(20, 604),
(23, 604),
(18, 604),
(50, 604),
(44, 604),
(2, 605),
(3, 605),
(10, 605),
(29, 605),
(28, 605),
(8, 605),
(6, 605),
(7, 605),
(13, 605),
(24, 605),
(20, 605),
(17, 605),
(25, 605),
(14, 605),
(21, 605),
(15, 605),
(26, 605),
(18, 605),
(16, 605),
(19, 605),
(38, 605),
(32, 605),
(35, 605),
(36, 605),
(34, 605),
(37, 605),
(33, 605),
(31, 605),
(39, 605),
(47, 605),
(43, 605),
(44, 605),
(40, 605),
(46, 605),
(48, 605),
(1, 606),
(4, 606),
(12, 606),
(30, 606),
(9, 606),
(27, 606),
(23, 606),
(22, 606),
(50, 606),
(45, 606),
(49, 606),
(2, 607),
(4, 607),
(7, 607),
(30, 607),
(9, 607),
(6, 607),
(13, 607),
(8, 607),
(11, 607),
(15, 607),
(22, 607),
(20, 607),
(26, 607),
(27, 607),
(14, 607),
(16, 607),
(23, 607),
(17, 607),
(21, 607),
(35, 607),
(37, 607),
(38, 607),
(34, 607),
(47, 607),
(39, 607),
(44, 607),
(48, 607),
(40, 607),
(50, 607),
(49, 607),
(43, 607),
(42, 607),
(45, 607),
(1, 608),
(3, 608),
(10, 608),
(28, 608),
(12, 608),
(18, 608),
(24, 608),
(25, 608),
(36, 608),
(31, 608),
(33, 608),
(41, 608),
(46, 608),
(1, 609),
(3, 609),
(10, 609),
(29, 609),
(13, 609),
(12, 609),
(6, 609),
(8, 609),
(17, 609),
(21, 609),
(22, 609),
(19, 609),
(25, 609),
(24, 609),
(26, 609),
(16, 609),
(15, 609),
(18, 609),
(20, 609),
(14, 609),
(35, 609),
(41, 609),
(46, 609),
(40, 609),
(49, 609),
(39, 609),
(2, 610),
(4, 610),
(9, 610),
(30, 610),
(11, 610),
(7, 610),
(23, 610),
(27, 610),
(38, 610),
(33, 610),
(47, 610),
(2, 611),
(3, 611),
(12, 611),
(29, 611),
(11, 611),
(6, 611),
(25, 611),
(27, 611),
(22, 611),
(19, 611),
(20, 611),
(26, 611),
(15, 611),
(17, 611),
(24, 611),
(23, 611),
(18, 611),
(21, 611),
(14, 611),
(16, 611),
(37, 611),
(50, 611),
(47, 611),
(44, 611),
(39, 611),
(43, 611),
(40, 611),
(48, 611),
(42, 611),
(45, 611),
(49, 611),
(46, 611),
(1, 612),
(4, 612),
(10, 612),
(30, 612),
(9, 612),
(38, 612),
(33, 612),
(32, 612),
(35, 612),
(36, 612),
(34, 612),
(31, 612),
(41, 612),
(1, 613),
(5, 613),
(10, 613),
(29, 614),
(28, 613),
(7, 613),
(11, 613),
(6, 613),
(13, 613),
(8, 613),
(12, 613),
(25, 613),
(16, 613),
(26, 613),
(22, 613),
(14, 613),
(27, 613),
(23, 613),
(19, 613),
(21, 613),
(15, 613),
(33, 613),
(35, 613),
(37, 613),
(34, 613),
(39, 613),
(40, 613),
(2, 614),
(4, 614),
(9, 614),
(30, 614),
(20, 614),
(18, 614),
(17, 614),
(24, 614),
(36, 614),
(31, 614),
(32, 614),
(38, 614),
(48, 614),
(42, 614),
(1, 615),
(4, 615),
(13, 615),
(29, 615),
(11, 615),
(10, 615),
(12, 615),
(7, 615),
(6, 615),
(8, 615),
(25, 615),
(18, 615),
(16, 615),
(26, 615),
(24, 615),
(27, 615),
(38, 615),
(31, 615),
(33, 615),
(37, 615),
(36, 615),
(34, 615),
(35, 615),
(32, 615),
(42, 615),
(46, 615),
(48, 615),
(44, 615),
(45, 615),
(39, 615),
(2, 616),
(3, 616),
(9, 616),
(30, 616),
(23, 616),
(15, 616),
(50, 616),
(41, 616),
(40, 616),
(2, 617),
(3, 617),
(12, 617),
(30, 617),
(13, 617),
(22, 617),
(24, 617),
(19, 617),
(37, 617),
(35, 617),
(34, 617),
(38, 617),
(31, 617),
(32, 617),
(33, 617),
(36, 617),
(50, 617),
(39, 617),
(49, 617),
(47, 617),
(40, 617),
(48, 617),
(46, 617),
(43, 617),
(42, 617),
(1, 618),
(5, 618),
(11, 618),
(29, 618),
(9, 618),
(6, 618),
(8, 618),
(10, 618),
(7, 618),
(14, 618),
(41, 618),
(45, 618),
(44, 618),
(1, 619),
(3, 619),
(12, 619),
(29, 619),
(11, 619),
(27, 619),
(16, 619),
(14, 619),
(15, 619),
(26, 619),
(25, 619),
(17, 619),
(24, 619),
(21, 619),
(19, 619),
(23, 619),
(36, 619),
(37, 619),
(35, 619),
(31, 619),
(50, 619),
(46, 619),
(49, 619),
(39, 619),
(48, 619),
(40, 619),
(44, 619),
(43, 619),
(47, 619),
(45, 619),
(42, 619),
(41, 619),
(2, 620),
(4, 620),
(9, 620),
(30, 620),
(8, 620),
(10, 620),
(13, 620),
(22, 620),
(34, 620),
(38, 620),
(2, 621),
(5, 621),
(13, 621),
(30, 621),
(29, 621),
(10, 621),
(14, 621),
(17, 621),
(22, 621),
(15, 621),
(25, 621),
(38, 621),
(33, 621),
(46, 621),
(47, 621),
(40, 621),
(42, 621),
(44, 621),
(49, 621),
(43, 621),
(50, 621),
(48, 621),
(39, 621),
(1, 622),
(4, 622),
(7, 622),
(28, 622),
(12, 622),
(11, 622),
(23, 622),
(27, 622),
(16, 622),
(19, 622),
(24, 622),
(18, 622),
(37, 622),
(31, 622),
(34, 622),
(35, 622),
(32, 622),
(41, 622),
(1, 623),
(4, 623),
(7, 623),
(29, 623),
(9, 623),
(6, 623),
(10, 623),
(8, 623),
(12, 623),
(13, 623),
(19, 623),
(15, 623),
(18, 623),
(25, 623),
(23, 623),
(21, 623),
(26, 623),
(14, 623),
(22, 623),
(17, 623),
(27, 623),
(36, 623),
(31, 623),
(33, 623),
(35, 623),
(38, 623),
(37, 623),
(39, 623),
(50, 623),
(47, 623),
(45, 623),
(48, 623),
(41, 623),
(42, 623),
(2, 624),
(3, 624),
(11, 624),
(28, 624),
(16, 624),
(20, 624),
(34, 624),
(43, 624),
(46, 624),
(2, 625),
(5, 625),
(6, 625),
(29, 625),
(13, 625),
(10, 625),
(11, 625),
(15, 625),
(18, 625),
(27, 625),
(25, 625),
(32, 625),
(35, 625),
(36, 625),
(33, 625),
(37, 625),
(48, 625),
(49, 625),
(40, 625),
(45, 625),
(39, 625),
(41, 625),
(43, 625),
(50, 625),
(47, 625),
(46, 625),
(1, 626),
(3, 626),
(12, 626),
(28, 626),
(8, 626),
(17, 626),
(23, 626),
(22, 626),
(16, 626),
(21, 626),
(24, 626),
(31, 626),
(34, 626),
(42, 626),
(2, 627),
(5, 627),
(10, 627),
(30, 627),
(9, 627),
(19, 627),
(17, 627),
(22, 627),
(14, 627),
(16, 627),
(21, 627),
(26, 627),
(27, 627),
(25, 627),
(24, 627),
(20, 627),
(18, 627),
(31, 627),
(35, 627),
(37, 627),
(38, 627),
(34, 627),
(33, 627),
(36, 627),
(32, 627),
(48, 627),
(47, 627),
(43, 627),
(40, 627),
(46, 627),
(44, 627),
(1, 628),
(4, 628),
(12, 628),
(28, 628),
(6, 628),
(7, 628),
(13, 628),
(23, 628),
(15, 628),
(42, 628),
(39, 628),
(41, 628),
(45, 628),
(2, 629),
(3, 629),
(6, 629),
(28, 629),
(11, 629),
(12, 629),
(9, 629),
(15, 629),
(22, 629),
(27, 629),
(24, 629),
(14, 629),
(21, 629),
(33, 629),
(46, 629),
(48, 629),
(50, 629),
(47, 629),
(42, 629),
(44, 629),
(43, 629),
(1, 630),
(4, 630),
(7, 630),
(29, 630),
(13, 630),
(18, 630),
(16, 630),
(37, 630),
(34, 630),
(49, 630),
(1, 631),
(3, 631),
(12, 631),
(29, 631),
(9, 631),
(13, 631),
(8, 631),
(22, 631),
(20, 631),
(32, 631),
(35, 631),
(34, 631),
(37, 631),
(48, 631),
(2, 632),
(5, 632),
(10, 632),
(28, 632),
(7, 632),
(6, 632),
(15, 632),
(16, 632),
(17, 632),
(23, 632),
(14, 632),
(25, 632),
(27, 632),
(26, 632),
(24, 632),
(31, 632),
(33, 632),
(36, 632),
(47, 632),
(45, 632),
(44, 632),
(43, 632),
(39, 632),
(46, 632),
(49, 632),
(50, 632),
(1, 633),
(4, 633),
(11, 633),
(29, 633),
(8, 633),
(9, 633),
(10, 633),
(12, 633),
(7, 633),
(13, 633),
(19, 633),
(21, 633),
(22, 633),
(25, 633),
(23, 633),
(15, 633),
(27, 633),
(37, 633),
(36, 633),
(34, 633),
(38, 633),
(31, 633),
(32, 633),
(35, 633),
(33, 633),
(44, 633),
(39, 633),
(45, 633),
(43, 633),
(41, 633),
(47, 633),
(42, 633),
(40, 633),
(50, 633),
(2, 634),
(3, 634),
(6, 634),
(28, 634),
(20, 634),
(16, 634),
(17, 634),
(14, 634),
(24, 634),
(18, 634),
(46, 634),
(2, 635),
(4, 635),
(9, 635),
(29, 635),
(6, 635),
(10, 635),
(12, 635),
(11, 635),
(13, 635),
(15, 635),
(31, 635),
(33, 635),
(32, 635),
(38, 635),
(36, 635),
(34, 635),
(44, 635),
(41, 635),
(46, 635),
(42, 635),
(48, 635),
(1, 636),
(5, 636),
(7, 636),
(28, 636),
(8, 636),
(22, 636),
(23, 636),
(14, 636),
(21, 636),
(17, 636),
(19, 636),
(27, 636),
(16, 636),
(24, 636),
(35, 636),
(37, 636),
(43, 636),
(45, 636),
(1, 637),
(3, 637),
(12, 637),
(29, 637),
(7, 637),
(13, 637),
(6, 637),
(11, 637),
(10, 637),
(9, 637),
(19, 637),
(20, 637),
(38, 637),
(32, 637),
(36, 637),
(33, 637),
(39, 637),
(42, 637),
(50, 637),
(43, 637),
(46, 637),
(49, 637),
(47, 637),
(48, 637),
(44, 637),
(40, 637),
(41, 637),
(45, 637),
(2, 638),
(4, 638),
(8, 638),
(30, 638),
(26, 638),
(21, 638),
(22, 638),
(27, 638),
(18, 638),
(15, 638),
(25, 638),
(14, 638),
(16, 638),
(23, 638),
(31, 638),
(37, 638),
(34, 638),
(1, 639),
(3, 639),
(9, 639),
(28, 639),
(6, 639),
(13, 639),
(7, 639),
(11, 639),
(8, 639),
(10, 639),
(21, 639),
(18, 639),
(20, 639),
(22, 639),
(19, 639),
(26, 639),
(15, 639),
(23, 639),
(14, 639),
(24, 639),
(16, 639),
(32, 639),
(36, 639),
(38, 639),
(33, 639),
(34, 639),
(31, 639),
(37, 639),
(41, 639),
(47, 639),
(39, 639),
(2, 640),
(4, 640),
(12, 640),
(30, 640),
(27, 640),
(17, 640),
(35, 640),
(49, 640),
(42, 640),
(44, 640),
(48, 640),
(46, 640),
(50, 640),
(45, 640),
(40, 640),
(43, 640),
(2, 641),
(4, 641),
(7, 641),
(28, 642),
(29, 641),
(10, 641),
(11, 641),
(12, 641),
(8, 641),
(20, 641),
(25, 641),
(21, 641),
(23, 641),
(17, 641),
(24, 641),
(19, 641),
(22, 641),
(27, 641),
(14, 641),
(26, 641),
(15, 641),
(16, 641),
(34, 641),
(33, 641),
(31, 641),
(35, 641),
(48, 641),
(1, 642),
(5, 642),
(6, 642),
(30, 642),
(9, 642),
(18, 642),
(32, 642),
(37, 642),
(38, 642),
(36, 642),
(50, 642),
(2, 643),
(3, 643),
(7, 643),
(29, 643),
(12, 643),
(11, 643),
(10, 643),
(6, 643),
(23, 643),
(20, 643),
(14, 643),
(25, 643),
(19, 643),
(21, 643),
(15, 643),
(27, 643),
(26, 643),
(33, 643),
(31, 643),
(37, 643),
(34, 643),
(36, 643),
(32, 643),
(45, 643),
(39, 643),
(43, 643),
(49, 643),
(42, 643),
(47, 643),
(48, 643),
(1, 644),
(5, 644),
(8, 644),
(28, 644),
(9, 644),
(13, 644),
(24, 644),
(38, 644),
(35, 644),
(44, 644),
(2, 645),
(3, 645),
(8, 645),
(30, 645),
(13, 645),
(21, 645),
(16, 645),
(18, 645),
(24, 645),
(23, 645),
(25, 645),
(17, 645),
(14, 645),
(26, 645),
(20, 645),
(38, 645),
(37, 645),
(36, 645),
(32, 645),
(31, 645),
(35, 645),
(44, 645),
(45, 645),
(49, 645),
(47, 645),
(1, 646),
(5, 646),
(10, 646),
(28, 646),
(7, 646),
(19, 646),
(15, 646),
(33, 646),
(34, 646),
(46, 646),
(43, 646),
(1, 647),
(5, 647),
(10, 647),
(29, 647),
(13, 647),
(12, 647),
(22, 647),
(19, 647),
(15, 647),
(24, 647),
(17, 647),
(27, 647),
(26, 647),
(14, 647),
(25, 647),
(16, 647),
(32, 647),
(35, 647),
(31, 647),
(33, 647),
(36, 647),
(38, 647),
(39, 647),
(40, 647),
(49, 647),
(2, 648),
(3, 648),
(6, 648),
(28, 648),
(7, 648),
(11, 648),
(9, 648),
(8, 648),
(18, 648),
(23, 648),
(37, 648),
(46, 648),
(50, 648),
(45, 648),
(43, 648),
(47, 648),
(2, 649),
(3, 649),
(13, 649),
(29, 649),
(8, 649),
(10, 649),
(12, 649),
(11, 649),
(9, 649),
(7, 649),
(23, 649),
(26, 649),
(22, 649),
(20, 649),
(27, 649),
(37, 649),
(34, 649),
(36, 649),
(38, 649),
(32, 649),
(43, 649),
(47, 649),
(39, 649),
(46, 649),
(45, 649),
(44, 649),
(49, 649),
(42, 649),
(41, 649),
(48, 649),
(1, 650),
(5, 650),
(6, 650),
(28, 650),
(21, 650),
(17, 650),
(33, 650),
(40, 650),
(50, 650),
(2, 651),
(4, 651),
(6, 651),
(29, 652),
(28, 651),
(13, 651),
(12, 651),
(26, 651),
(19, 651),
(15, 651),
(18, 651),
(24, 651),
(23, 651),
(25, 651),
(27, 651),
(21, 651),
(22, 651),
(16, 651),
(17, 651),
(14, 651),
(36, 651),
(35, 651),
(34, 651),
(32, 651),
(42, 651),
(46, 651),
(48, 651),
(41, 651),
(44, 651),
(1, 652),
(5, 652),
(8, 652),
(30, 652),
(7, 652),
(20, 652),
(38, 652),
(31, 652),
(33, 652),
(37, 652),
(49, 652),
(40, 652),
(43, 652),
(45, 652),
(1, 653),
(4, 653),
(13, 653),
(29, 654),
(30, 653),
(12, 653),
(21, 653),
(22, 653),
(25, 653),
(15, 653),
(16, 653),
(18, 653),
(26, 653),
(20, 653),
(19, 653),
(23, 653),
(31, 653),
(35, 653),
(36, 653),
(32, 653),
(33, 653),
(38, 653),
(37, 653),
(44, 653),
(42, 653),
(43, 653),
(49, 653),
(2, 654),
(5, 654),
(6, 654),
(28, 654),
(11, 654),
(9, 654),
(27, 654),
(34, 654),
(41, 654),
(47, 654),
(50, 654),
(1, 655),
(4, 655),
(11, 655),
(28, 655),
(7, 655),
(8, 655),
(9, 655),
(13, 655),
(16, 655),
(18, 655),
(27, 655),
(20, 655),
(14, 655),
(17, 655),
(19, 655),
(15, 655),
(26, 655),
(36, 655),
(35, 655),
(34, 655),
(31, 655),
(38, 655),
(33, 655),
(41, 655),
(39, 655),
(49, 655),
(44, 655),
(48, 655),
(50, 655),
(46, 655),
(2, 656),
(3, 656),
(6, 656),
(29, 656),
(12, 656),
(10, 656),
(24, 656),
(21, 656),
(25, 656),
(23, 656),
(32, 656),
(37, 656),
(47, 656),
(40, 656),
(45, 656),
(43, 656),
(42, 656),
(1, 657),
(3, 657),
(6, 657),
(28, 657),
(7, 657),
(24, 657),
(17, 657),
(19, 657),
(22, 657),
(14, 657),
(26, 657),
(15, 657),
(21, 657),
(23, 657),
(20, 657),
(27, 657),
(33, 657),
(37, 657),
(36, 657),
(35, 657),
(31, 657),
(38, 657),
(34, 657),
(46, 657),
(42, 657),
(48, 657),
(41, 657),
(39, 657),
(47, 657),
(50, 657),
(45, 657),
(2, 658),
(5, 658),
(13, 658),
(30, 658),
(10, 658),
(9, 658),
(12, 658),
(25, 658),
(32, 658),
(40, 658),
(2, 659),
(4, 659),
(6, 659),
(29, 660),
(30, 659),
(8, 659),
(23, 659),
(16, 659),
(25, 659),
(15, 659),
(24, 659),
(17, 659),
(19, 659),
(20, 659),
(14, 659),
(35, 659),
(36, 659),
(34, 659),
(42, 659),
(1, 660),
(3, 660),
(11, 660),
(28, 660),
(9, 660),
(7, 660),
(13, 660),
(21, 660),
(27, 660),
(22, 660),
(32, 660),
(31, 660),
(33, 660),
(39, 660),
(47, 660),
(45, 660),
(44, 660),
(43, 660),
(50, 660),
(40, 660),
(46, 660),
(41, 660),
(49, 660),
(2, 661),
(3, 661),
(11, 661),
(29, 661),
(28, 661),
(7, 661),
(13, 661),
(12, 661),
(8, 661),
(6, 661),
(18, 661),
(21, 661),
(25, 661),
(15, 661),
(16, 661),
(17, 661),
(26, 661),
(22, 661),
(27, 661),
(19, 661),
(14, 661),
(20, 661),
(24, 661),
(32, 661),
(34, 661),
(36, 661),
(45, 661),
(47, 661),
(46, 661),
(50, 661),
(44, 661),
(48, 661),
(42, 661),
(49, 661),
(39, 661),
(43, 661),
(40, 661),
(1, 662),
(5, 662),
(9, 662),
(30, 662),
(10, 662),
(23, 662),
(33, 662),
(38, 662),
(31, 662),
(41, 662),
(2, 663),
(5, 663),
(13, 663),
(29, 663),
(28, 663),
(12, 663),
(6, 663),
(8, 663),
(9, 663),
(16, 663),
(21, 663),
(24, 663),
(18, 663),
(15, 663),
(26, 663),
(19, 663),
(27, 663),
(23, 663),
(36, 663),
(37, 663),
(32, 663),
(31, 663),
(34, 663),
(38, 663),
(35, 663),
(33, 663),
(39, 663),
(42, 663),
(50, 663),
(40, 663),
(1, 664),
(4, 664),
(11, 664),
(30, 664),
(10, 664),
(7, 664),
(20, 664),
(41, 664),
(44, 664),
(47, 664),
(43, 664),
(46, 664),
(45, 664),
(2, 665),
(4, 665),
(13, 665),
(29, 665),
(30, 665),
(10, 665),
(11, 665),
(8, 665),
(14, 665),
(27, 665),
(22, 665),
(20, 665),
(24, 665),
(18, 665),
(17, 665),
(25, 665),
(19, 665),
(23, 665),
(26, 665),
(31, 665),
(35, 665),
(36, 665),
(38, 665),
(34, 665),
(39, 665),
(41, 665),
(46, 665),
(47, 665),
(44, 665),
(48, 665),
(42, 665),
(40, 665),
(1, 666),
(5, 666),
(6, 666),
(28, 666),
(12, 666),
(21, 666),
(33, 666),
(32, 666),
(50, 666),
(45, 666),
(49, 666),
(43, 666),
(2, 667),
(4, 667),
(8, 667),
(28, 668),
(30, 667),
(6, 667),
(7, 667),
(27, 667),
(24, 667),
(21, 667),
(20, 667),
(15, 667),
(25, 667),
(22, 667),
(23, 667),
(14, 667),
(31, 667),
(34, 667),
(38, 667),
(36, 667),
(35, 667),
(39, 667),
(48, 667),
(49, 667),
(1, 668),
(3, 668),
(11, 668),
(29, 668),
(10, 668),
(13, 668),
(12, 668),
(9, 668),
(18, 668),
(26, 668),
(19, 668),
(33, 668),
(40, 668),
(50, 668),
(41, 668),
(42, 668),
(47, 668),
(43, 668),
(46, 668),
(44, 668),
(2, 669),
(5, 669),
(12, 669),
(28, 669),
(11, 669),
(6, 669),
(10, 669),
(9, 669),
(13, 669),
(22, 669),
(24, 669),
(14, 669),
(17, 669),
(16, 669),
(21, 669),
(27, 669),
(34, 669),
(36, 669),
(47, 669),
(44, 669),
(42, 669),
(41, 669),
(39, 669),
(48, 669),
(50, 669),
(1, 670),
(3, 670),
(8, 670),
(30, 670),
(7, 670),
(25, 670),
(26, 670),
(35, 670),
(38, 670),
(46, 670),
(40, 670),
(43, 670),
(45, 670),
(1, 671),
(3, 671),
(9, 671),
(28, 671),
(8, 671),
(21, 671),
(31, 671),
(35, 671),
(50, 671),
(47, 671),
(39, 671),
(42, 671),
(45, 671),
(2, 672),
(5, 672),
(11, 672),
(30, 672),
(12, 672),
(6, 672),
(10, 672),
(7, 672),
(13, 672),
(17, 672),
(20, 672),
(24, 672),
(14, 672),
(18, 672),
(19, 672),
(16, 672),
(22, 672),
(26, 672),
(27, 672),
(33, 672),
(32, 672),
(38, 672),
(41, 672),
(48, 672),
(1, 673),
(4, 673),
(13, 673),
(28, 673),
(7, 673),
(12, 673),
(9, 673),
(8, 673),
(19, 673),
(26, 673),
(17, 673),
(16, 673),
(22, 673),
(27, 673),
(15, 673),
(18, 673),
(14, 673),
(24, 673),
(25, 673),
(23, 673),
(36, 673),
(32, 673),
(38, 673),
(34, 673),
(37, 673),
(35, 673),
(39, 673),
(43, 673),
(49, 673),
(42, 673),
(2, 674),
(3, 674),
(11, 674),
(30, 674),
(6, 674),
(20, 674),
(33, 674),
(48, 674),
(41, 674),
(2, 675),
(3, 675),
(10, 675),
(28, 675),
(13, 675),
(8, 675),
(12, 675),
(9, 675),
(18, 675),
(21, 675),
(27, 675),
(20, 675),
(25, 675),
(15, 675),
(14, 675),
(22, 675),
(26, 675),
(23, 675),
(33, 675),
(31, 675),
(35, 675),
(38, 675),
(41, 675),
(48, 675),
(1, 676),
(5, 676),
(7, 676),
(29, 676),
(6, 676),
(11, 676),
(16, 676),
(24, 676),
(19, 676),
(17, 676),
(37, 676),
(50, 676),
(40, 676),
(45, 676),
(42, 676),
(49, 676),
(47, 676),
(1, 677),
(3, 677),
(11, 677),
(29, 677),
(8, 677),
(13, 677),
(17, 677),
(27, 677),
(26, 677),
(19, 677),
(14, 677),
(22, 677),
(23, 677),
(16, 677),
(25, 677),
(20, 677),
(21, 677),
(15, 677),
(31, 677),
(37, 677),
(46, 677),
(2, 678),
(4, 678),
(7, 678),
(30, 678),
(12, 678),
(9, 678),
(24, 678),
(36, 678),
(35, 678),
(33, 678),
(34, 678),
(39, 678),
(49, 678),
(42, 678),
(50, 678),
(41, 678),
(2, 679),
(3, 679),
(7, 679),
(29, 679),
(28, 679),
(8, 679),
(13, 679),
(19, 679),
(24, 679),
(25, 679),
(17, 679),
(15, 679),
(23, 679),
(26, 679),
(37, 679),
(38, 679),
(36, 679),
(42, 679),
(45, 679),
(39, 679),
(50, 679),
(41, 679),
(47, 679),
(43, 679),
(48, 679),
(46, 679),
(40, 679),
(44, 679),
(1, 680),
(5, 680),
(11, 680),
(30, 680),
(12, 680),
(10, 680),
(6, 680),
(20, 680),
(18, 680),
(22, 680),
(27, 680),
(21, 680),
(34, 680),
(32, 680),
(49, 680),
(1, 681),
(5, 681),
(6, 681),
(30, 681),
(8, 681),
(24, 681),
(21, 681),
(14, 681),
(18, 681),
(36, 681),
(31, 681),
(35, 681),
(38, 681),
(37, 681),
(32, 681),
(48, 681),
(47, 681),
(39, 681),
(43, 681),
(46, 681),
(45, 681),
(2, 682),
(3, 682),
(12, 682),
(29, 682),
(7, 682),
(19, 682),
(34, 682),
(41, 682),
(50, 682),
(42, 682),
(2, 683),
(5, 683),
(8, 683),
(28, 683),
(6, 683),
(7, 683),
(15, 683),
(23, 683),
(16, 683),
(25, 683),
(19, 683),
(21, 683),
(20, 683),
(26, 683),
(22, 683),
(14, 683),
(18, 683),
(17, 683),
(27, 683),
(38, 683),
(32, 683),
(35, 683),
(36, 683),
(31, 683),
(44, 683),
(40, 683),
(45, 683),
(49, 683),
(43, 683),
(1, 684),
(4, 684),
(10, 684),
(30, 684),
(9, 684),
(24, 684),
(37, 684),
(33, 684),
(34, 684),
(47, 684),
(48, 684),
(42, 684),
(41, 684),
(1, 685),
(4, 685),
(12, 685),
(30, 685),
(8, 685),
(13, 685),
(10, 685),
(11, 685),
(9, 685),
(7, 685),
(18, 685),
(16, 685),
(23, 685),
(21, 685),
(15, 685),
(17, 685),
(38, 685),
(36, 685),
(33, 685),
(47, 685),
(41, 685),
(45, 685),
(39, 685),
(2, 686),
(3, 686),
(6, 686),
(29, 686),
(14, 686),
(24, 686),
(20, 686),
(26, 686),
(27, 686),
(32, 686),
(35, 686),
(37, 686),
(34, 686),
(31, 686),
(43, 686),
(42, 686),
(49, 686),
(40, 686),
(46, 686),
(1, 687),
(4, 687),
(11, 687),
(30, 688),
(29, 687),
(10, 687),
(6, 687),
(8, 687),
(24, 687),
(20, 687),
(18, 687),
(23, 687),
(21, 687),
(25, 687),
(14, 687),
(16, 687),
(15, 687),
(27, 687),
(22, 687),
(26, 687),
(36, 687),
(34, 687),
(31, 687),
(32, 687),
(33, 687),
(35, 687),
(38, 687),
(47, 687),
(42, 687),
(44, 687),
(43, 687),
(50, 687),
(39, 687),
(48, 687),
(40, 687),
(46, 687),
(45, 687),
(49, 687),
(41, 687),
(2, 688),
(3, 688),
(13, 688),
(28, 688),
(12, 688),
(7, 688),
(9, 688),
(19, 688),
(37, 688),
(2, 689),
(4, 689),
(9, 689),
(30, 689),
(6, 689),
(13, 689),
(12, 689),
(16, 689),
(18, 689),
(25, 689),
(27, 689),
(19, 689),
(17, 689),
(31, 689),
(34, 689),
(32, 689),
(35, 689),
(37, 689),
(33, 689),
(49, 689),
(48, 689),
(42, 689),
(1, 690),
(5, 690),
(11, 690),
(29, 690),
(8, 690),
(7, 690),
(10, 690),
(24, 690),
(14, 690),
(15, 690),
(26, 690),
(22, 690),
(36, 690),
(38, 690),
(40, 690),
(47, 690),
(44, 690),
(2, 691),
(4, 691),
(9, 691),
(29, 691),
(6, 691),
(13, 691),
(11, 691),
(12, 691),
(8, 691),
(20, 691),
(26, 691),
(18, 691),
(21, 691),
(16, 691),
(14, 691),
(17, 691),
(15, 691),
(19, 691),
(36, 691),
(35, 691),
(37, 691),
(38, 691),
(34, 691),
(31, 691),
(32, 691),
(33, 691),
(48, 691),
(42, 691),
(43, 691),
(46, 691),
(44, 691),
(41, 691),
(45, 691),
(50, 691),
(39, 691),
(49, 691),
(40, 691),
(1, 692),
(5, 692),
(7, 692),
(30, 692),
(10, 692),
(23, 692),
(27, 692),
(22, 692),
(25, 692),
(24, 692),
(47, 692),
(1, 693),
(5, 693),
(13, 693),
(29, 693),
(8, 693),
(11, 693),
(9, 693),
(12, 693),
(6, 693),
(18, 693),
(26, 693),
(27, 693),
(23, 693),
(19, 693),
(25, 693),
(21, 693),
(20, 693),
(15, 693),
(17, 693),
(16, 693),
(38, 693),
(31, 693),
(33, 693),
(32, 693),
(34, 693),
(37, 693),
(36, 693),
(42, 693),
(47, 693),
(46, 693),
(39, 693),
(45, 693),
(40, 693),
(44, 693),
(2, 694),
(3, 694),
(10, 694),
(28, 694),
(7, 694),
(22, 694),
(35, 694),
(41, 694),
(50, 694),
(49, 694),
(1, 695),
(5, 695),
(7, 695),
(28, 696),
(29, 695),
(12, 695),
(25, 695),
(24, 695),
(19, 695),
(20, 695),
(17, 695),
(27, 695),
(26, 695),
(21, 695),
(14, 695),
(16, 695),
(18, 695),
(22, 695),
(23, 695),
(31, 695),
(36, 695),
(38, 695),
(33, 695),
(34, 695),
(35, 695),
(44, 695),
(46, 695),
(48, 695),
(45, 695),
(40, 695),
(39, 695),
(2, 696),
(3, 696),
(10, 696),
(30, 696),
(11, 696),
(13, 696),
(6, 696),
(8, 696),
(9, 696),
(15, 696),
(37, 696),
(42, 696),
(50, 696),
(43, 696),
(2, 697),
(4, 697),
(12, 697),
(30, 697),
(8, 697),
(6, 697),
(9, 697),
(11, 697),
(10, 697),
(7, 697),
(21, 697),
(24, 697),
(15, 697),
(14, 697),
(22, 697),
(25, 697),
(16, 697),
(35, 697),
(37, 697),
(32, 697),
(43, 697),
(46, 697),
(49, 697),
(42, 697),
(45, 697),
(39, 697),
(41, 697),
(50, 697),
(44, 697),
(1, 698),
(3, 698),
(13, 698),
(29, 698),
(18, 698),
(17, 698),
(31, 698),
(47, 698),
(2, 699),
(5, 699),
(6, 699),
(29, 699),
(30, 699),
(8, 699),
(12, 699),
(11, 699),
(9, 699),
(7, 699),
(10, 699),
(16, 699),
(21, 699),
(25, 699),
(19, 699),
(18, 699),
(26, 699),
(20, 699),
(23, 699),
(15, 699),
(22, 699),
(24, 699),
(14, 699),
(27, 699),
(17, 699),
(35, 699),
(31, 699),
(37, 699),
(33, 699),
(38, 699),
(36, 699),
(49, 699),
(47, 699),
(50, 699),
(48, 699),
(41, 699),
(46, 699),
(42, 699),
(1, 700),
(3, 700),
(13, 700),
(28, 700),
(34, 700),
(44, 700),
(40, 700),
(39, 700),
(45, 700),
(43, 700),
(2, 701),
(4, 701),
(10, 701),
(28, 701),
(8, 701),
(11, 701),
(6, 701),
(13, 701),
(27, 701),
(24, 701),
(26, 701),
(22, 701),
(21, 701),
(14, 701),
(37, 701),
(34, 701),
(32, 701),
(38, 701),
(31, 701),
(36, 701),
(33, 701),
(44, 701),
(43, 701),
(40, 701),
(1, 702),
(3, 702),
(7, 702),
(30, 702),
(12, 702),
(25, 702),
(18, 702),
(20, 702),
(35, 702),
(47, 702),
(45, 702),
(48, 702),
(46, 702),
(49, 702),
(39, 702),
(2, 703),
(4, 703),
(9, 703),
(30, 704),
(28, 703),
(12, 703),
(26, 703),
(18, 703),
(20, 703),
(14, 703),
(17, 703),
(22, 703),
(31, 703),
(33, 703),
(38, 703),
(37, 703),
(34, 703),
(35, 703),
(36, 703),
(45, 703),
(41, 703),
(50, 703),
(40, 703),
(48, 703),
(1, 704),
(3, 704),
(7, 704),
(29, 704),
(11, 704),
(10, 704),
(25, 704),
(21, 704),
(16, 704),
(24, 704),
(15, 704),
(32, 704),
(44, 704),
(47, 704),
(42, 704),
(49, 704),
(46, 704),
(1, 705),
(3, 705),
(12, 705),
(28, 705),
(30, 705),
(10, 705),
(6, 705),
(8, 705),
(13, 705),
(7, 705),
(21, 705),
(19, 705),
(37, 705),
(31, 705),
(44, 705),
(45, 705),
(41, 705),
(49, 705),
(42, 705),
(50, 705),
(48, 705),
(46, 705),
(39, 705),
(2, 706),
(4, 706),
(11, 706),
(29, 706),
(9, 706),
(27, 706),
(23, 706),
(25, 706),
(36, 706),
(33, 706),
(35, 706),
(38, 706),
(32, 706),
(34, 706),
(43, 706),
(40, 706),
(1, 707),
(5, 707),
(9, 707),
(30, 707),
(28, 707),
(6, 707),
(7, 707),
(8, 707),
(11, 707),
(10, 707),
(13, 707),
(27, 707),
(23, 707),
(22, 707),
(14, 707),
(17, 707),
(15, 707),
(24, 707),
(19, 707),
(26, 707),
(25, 707),
(38, 707),
(36, 707),
(35, 707),
(33, 707),
(37, 707),
(32, 707),
(50, 707),
(40, 707),
(2, 708),
(4, 708),
(12, 708),
(29, 708),
(21, 708),
(16, 708),
(20, 708),
(18, 708),
(34, 708),
(31, 708),
(49, 708),
(41, 708),
(44, 708),
(43, 708),
(48, 708),
(42, 708),
(47, 708),
(45, 708),
(39, 708),
(46, 708),
(2, 709),
(3, 709),
(13, 709),
(28, 709),
(7, 709),
(6, 709),
(9, 709),
(12, 709),
(8, 709),
(19, 709),
(20, 709),
(36, 709),
(35, 709),
(33, 709),
(38, 709),
(32, 709),
(34, 709),
(31, 709),
(37, 709),
(42, 709),
(49, 709),
(45, 709),
(40, 709),
(50, 709),
(47, 709),
(43, 709),
(1, 710),
(4, 710),
(10, 710),
(29, 710),
(11, 710),
(17, 710),
(25, 710),
(22, 710),
(23, 710),
(24, 710),
(21, 710),
(27, 710),
(15, 710),
(26, 710),
(14, 710),
(18, 710),
(16, 710),
(46, 710),
(41, 710),
(44, 710),
(39, 710),
(1, 711),
(4, 711),
(6, 711),
(29, 712),
(30, 711),
(9, 711),
(7, 711),
(8, 711),
(24, 711),
(27, 711),
(22, 711),
(16, 711),
(14, 711),
(25, 711),
(18, 711),
(15, 711),
(17, 711),
(19, 711),
(26, 711),
(34, 711),
(46, 711),
(45, 711),
(47, 711),
(40, 711),
(44, 711),
(43, 711),
(49, 711),
(41, 711),
(2, 712),
(5, 712),
(12, 712),
(28, 712),
(11, 712),
(20, 712),
(21, 712),
(23, 712),
(36, 712),
(37, 712),
(31, 712),
(33, 712),
(35, 712),
(32, 712),
(39, 712),
(50, 712),
(2, 713),
(3, 713),
(9, 713),
(29, 713),
(12, 713),
(13, 713),
(10, 713),
(6, 713),
(7, 713),
(25, 713),
(18, 713),
(14, 713),
(26, 713),
(16, 713),
(33, 713),
(38, 713),
(31, 713),
(43, 713),
(48, 713),
(46, 713),
(39, 713),
(44, 713),
(42, 713),
(49, 713),
(50, 713),
(45, 713),
(1, 714),
(4, 714),
(8, 714),
(30, 714),
(11, 714),
(27, 714),
(23, 714),
(24, 714),
(17, 714),
(37, 714),
(36, 714),
(32, 714),
(34, 714),
(35, 714),
(41, 714),
(47, 714),
(40, 714),
(2, 715),
(4, 715),
(13, 715),
(30, 715),
(9, 715),
(6, 715),
(7, 715),
(22, 715),
(23, 715),
(20, 715),
(16, 715),
(14, 715),
(15, 715),
(17, 715),
(27, 715),
(18, 715),
(19, 715),
(31, 715),
(38, 715),
(37, 715),
(42, 715),
(47, 715),
(48, 715),
(43, 715),
(40, 715),
(50, 715),
(1, 716),
(5, 716),
(12, 716),
(29, 716),
(11, 716),
(24, 716),
(21, 716),
(25, 716),
(26, 716),
(35, 716),
(34, 716),
(36, 716),
(32, 716),
(39, 716),
(41, 716),
(45, 716),
(49, 716),
(46, 716),
(2, 717),
(5, 717),
(10, 717),
(28, 717),
(7, 717),
(6, 717),
(13, 717),
(9, 717),
(11, 717),
(24, 717),
(20, 717),
(18, 717),
(23, 717),
(34, 717),
(33, 717),
(38, 717),
(32, 717),
(36, 717),
(49, 717),
(1, 718),
(4, 718),
(12, 718),
(29, 718),
(8, 718),
(19, 718),
(22, 718),
(17, 718),
(21, 718),
(27, 718),
(15, 718),
(16, 718),
(25, 718),
(26, 718),
(14, 718),
(31, 718),
(37, 718),
(35, 718),
(40, 718),
(50, 718),
(47, 718),
(42, 718),
(45, 718),
(44, 718),
(43, 718),
(41, 718),
(39, 718),
(48, 718),
(46, 718),
(1, 719),
(3, 719),
(6, 719),
(28, 719),
(12, 719),
(9, 719),
(10, 719),
(17, 719),
(19, 719),
(14, 719),
(15, 719),
(24, 719),
(27, 719),
(26, 719),
(21, 719),
(38, 719),
(42, 719),
(2, 720),
(5, 720),
(11, 720),
(30, 720),
(7, 720),
(16, 720),
(22, 720),
(25, 720),
(23, 720),
(20, 720),
(18, 720),
(35, 720),
(36, 720),
(33, 720),
(47, 720),
(46, 720),
(44, 720),
(41, 720),
(39, 720),
(45, 720),
(1, 721),
(4, 721),
(12, 721),
(29, 721),
(30, 721),
(6, 721),
(10, 721),
(9, 721),
(11, 721),
(19, 721),
(21, 721),
(22, 721),
(26, 721),
(18, 721),
(20, 721),
(14, 721),
(17, 721),
(16, 721),
(36, 721),
(38, 721),
(45, 721),
(50, 721),
(44, 721),
(40, 721),
(48, 721),
(41, 721),
(47, 721),
(49, 721),
(46, 721),
(2, 722),
(3, 722),
(13, 722),
(28, 722),
(8, 722),
(7, 722),
(23, 722),
(27, 722),
(37, 722),
(42, 722),
(1, 723),
(4, 723),
(7, 723),
(30, 723),
(29, 723),
(9, 723),
(8, 723),
(13, 723),
(22, 723),
(23, 723),
(16, 723),
(25, 723),
(14, 723),
(18, 723),
(21, 723),
(17, 723),
(24, 723),
(27, 723),
(15, 723),
(20, 723),
(38, 723),
(32, 723),
(33, 723),
(34, 723),
(31, 723),
(36, 723),
(35, 723),
(37, 723),
(45, 723),
(47, 723),
(41, 723),
(40, 723),
(46, 723),
(42, 723),
(39, 723),
(2, 724),
(5, 724),
(6, 724),
(28, 724),
(10, 724),
(11, 724),
(26, 724),
(48, 724),
(50, 724),
(2, 725),
(4, 725),
(13, 725),
(30, 725),
(11, 725),
(9, 725),
(10, 725),
(6, 725),
(7, 725),
(12, 725),
(21, 725),
(15, 725),
(22, 725),
(27, 725),
(20, 725),
(14, 725),
(17, 725),
(25, 725),
(24, 725),
(19, 725),
(26, 725),
(36, 725),
(32, 725),
(31, 725),
(34, 725),
(33, 725),
(35, 725),
(37, 725),
(48, 725),
(41, 725),
(43, 725),
(49, 725),
(47, 725),
(40, 725),
(1, 726),
(3, 726),
(8, 726),
(28, 726),
(18, 726),
(38, 726),
(50, 726),
(42, 726);
-- empID can be waiting IDs only: (39-50)
INSERT INTO SeatingTable(shiftID, tableNum, empID, maxOccupancy) VALUE
(1, 3, 49, 6),
(2, 4, 41, 4),
(3, 1, 41, 2),
(4, 2, 43, 2),
(5, 3, 42, 2),
(6, 4, 46, 2),
(7,6,40,6),
(8,8,47,5),
(9,9,50,2),
(10,2,46,3),
(11,5,49,3),
(12,6,42,5),
(13,6,43,9),
(7,7,48,4),
(15,9,43,9),
(16,7,44,19),
(17,9,40,12),
(18,8,50,9),
(19,3,41,6),
(20,6,42,7),
(21,7,46,4),
(22,7,39,5),
(23,9,46,9),
(24,9, 50,10),
(25,10,49,7),
(26,10, 46,9),
(27,6, 48,10),
(28,4, 41, 9),
(29,6, 46, 9),
(30,4, 43, 6),
(31,6, 40, 7),
(31,7, 45,9),
(33,9,45,10),
(34,7,47,10),
(35,8,45,11),
(36,3, 42, 9),
(37,5, 49,5),
(38,7, 43, 6),
(39,8, 44, 7),
(40,6, 47, 9),
(41,6, 44, 9),
(42,7, 41, 6),
(43,6, 46, 5),
(44,6, 40,4),
(45,7,50,5),
(46,10,49,8),
(47,8,48,10),
(47,1,41,9),
(49,3, 42, 10),
(50,6,45,23),
(51,8,41,10),
(52,8,46,12),
(53,1,42,10),
(54,2,49,7),
(55,3,39,8),
(56,4,48,9),
(57,5,43,10),
(58,1,45,8),
(59,2,47,10),
(60,3,42,11),
(61,4,44,9),
(62,6,48,7),
(63,8,43,13),
(64,8,41,12),
(65,4,50,12),
(66,6,44,12),
(67,7,45,12),
(68,5,39,9),
(69,9,44,10),
(70,2,49,12),
(71,7,43,10),
(72,5,42,10),
(73,5,42,10);
#(73,5,43,11);

Insert into EatInOrder(orderID, numGuest, stID) values
(5 ,5,    3   ),
(10 ,4,   4   ),
(15,6,   5  ),
(20 ,1 ,  6   ),
(21,2,  7  ),
(22 ,4 , 8 ),
(26  , 6 ,  9  ),
(34  , 7, 10    ),
(43  , 4 ,  11 ),
(47  , 3 ,  12 ),
(53   , 6,  13  ),
(54   , 3,  14  ),
(55   , 2 , 15  ),
(57   , 6  ,16  ),
(60   ,2 , 17  ),
(62   , 7,   18  ),
(65   ,6 , 19    ),
(70  , 9 ,  20   ),
(71  ,5  ,  21   ),
(73  ,3  ,  22  ),
(80 , 6  , 23    ),
(85  ,9  , 24   ),
(90  ,2  , 25    ),
(95  ,1,   26   ),
(32,  5 , 27   ),
(33, 7 ,  28   ),
(35, 4 ,   29  ),
(36,  7  , 30  ),
(37, 3,    31  ),
(38, 1 , 32    ),
(39, 3 ,    33 ),
(40, 6 ,    34 ),
(41,  4,    35 ),
(42,  1,    36 ),
(44,  5 ,    37),
(45,  7 ,    38),
(46,  9,     39),
(48,  1,     40),
(49,   5 ,   41),
(50,  2 ,   42 ),
(51,  8 ,   43 ),
(52,   7,   44),
(56,  7 ,    45),
(61,   4 ,  46 ),
(63, 2 ,     47),
(64,  6,     48),
(66,  3,     49),
(67,   6,    50),
(68,  7 ,   51 ),
(69,  3 ,    52),
(72, 8 ,     53),
(74,   4 ,   54),
(75,  3 ,    55),
(76,  7 ,    56),
(77,   3,    57),
(78,   7,    58),
(79,   2,    59),
(81,   6 ,   60),
(82,  3 ,    61 ),
(83, 5 ,      62),
(84,  1,      63),
(86, 5  ,     64),
(87,  2 ,     65),
(88,   4 ,   66 ),
(89,    4,   67 ),
(91,   9 ,    68),
(92,     2,  69 ),
(93,   4,     70),
(94,  2,     71 ),
(96,   5 ,    72),
(97,  3,      73);